[Licensing::Module] Trying to connect to existing licensing client channel...
Built from '6000.5/staging' branch; Version is '6000.5.7f1 (017862109af0) revision 96354'; Using compiler version '194234433'; Build Type 'Release'
[Licensing::IpcConnector] Successfully connected to: "LicenseClient-Kaic" at "2026-08-13T00:02:29.2092339Z"
OS: 'Windows 10  (10.0.19045) 64bit CoreSingleLanguage' Language: 'pt' Physical Memory: 14258 MB
BatchMode: 1, IsHumanControllingUs: 0, StartBugReporterOnCrash: 0, Is64bit: 1
System  architecture: x64
Process architecture: x64
Date: 2026-08-13T00:02:29Z

COMMAND LINE ARGUMENTS:
C:\Program Files\Unity\Hub\Editor\6000.5.7f1\Editor\Unity.exe
-adb2
-batchMode
-noUpm
-name
AssetImportWorkerHW0
-projectPath
C:/Unity Projects/Mahjong
-logFile
Logs/AssetImportWorkerHW0.log
-srvPort
50660
-parentPid
5816
-analyticsCloudUserId
anonymous
-analyticsCloudProjectId
9d9587cb-f914-4d6c-a28b-c08a180390c8
-analyticsLocalProjectId
841c848a9376df044b763824a1001a9a
-editorAnalyticsEnabled
1
-cbmEditorLicense
d2ed62cecc647ab805056bf82d30eb673de3e518
-cbmMachineId
g0iPADZnjyML9Yu3F3OjyKLd91Q=
-licensingIpc
LicenseClient-Kaic
-noDiagnosticSwitchPersistentStore
-job-worker-count
1
-background-job-worker-count
8
-asset-garbage-collectors
1
-force-d3d12
-name
AssetImport
Successfully changed project path to: C:/Unity Projects/Mahjong
C:/Unity Projects/Mahjong
[UnityMemory] Configuration Parameters - Can be set up in boot.config
    "memorysetup-temp-allocator-size-gi-baking-worker=262144"
    "memorysetup-temp-allocator-size-gi-baking-worker=262144"
    "memorysetup-temp-allocator-size-gi-baking-worker=262144"
    "memorysetup-temp-allocator-size-gi-baking-worker=262144"
    "memorysetup-temp-allocator-size-gi-baking-worker=262144"
    "memorysetup-temp-allocator-size-nav-mesh-worker=65536"
    "memorysetup-temp-allocator-size-audio-worker=65536"
    "memorysetup-temp-allocator-size-cloud-worker=32768"
    "memorysetup-temp-allocator-size-gfx=262144"
    "memorysetup-temp-allocator-size-preload-manager=33554432"
    "memorysetup-allocator-temp-initial-block-size-main=262144"
    "memorysetup-allocator-temp-initial-block-size-worker=262144"
    "memorysetup-temp-allocator-size-job-worker=262144"
    "memorysetup-temp-allocator-size-background-worker=32768"
    "memorysetup-bucket-allocator-granularity=16"
    "memorysetup-bucket-allocator-bucket-count=8"
    "memorysetup-bucket-allocator-block-size=33554432"
    "memorysetup-bucket-allocator-block-count=8"
    "memorysetup-main-allocator-block-size=16777216"
    "memorysetup-thread-allocator-block-size=16777216"
    "memorysetup-main-allocator-mimalloc-enabled=0"
    "memorysetup-gfx-main-allocator-block-size=16777216"
    "memorysetup-gfx-thread-allocator-block-size=16777216"
    "memorysetup-cache-allocator-block-size=4194304"
    "memorysetup-typetree-allocator-block-size=2097152"
    "memorysetup-profiler-bucket-allocator-granularity=16"
    "memorysetup-profiler-bucket-allocator-bucket-count=8"
    "memorysetup-profiler-bucket-allocator-block-size=33554432"
    "memorysetup-profiler-bucket-allocator-block-count=8"
    "memorysetup-profiler-allocator-block-size=16777216"
    "memorysetup-profiler-editor-allocator-block-size=1048576"
    "memorysetup-temp-allocator-size-main=16777216"
    "memorysetup-job-temp-allocator-block-size=2097152"
    "memorysetup-job-temp-allocator-block-size-background=1048576"
    "memorysetup-job-temp-allocator-reduction-small-platforms=262144"
Player connection [8440]  Target information:

Player connection [8440]  * "[IP] 26.216.151.30 [Port] 0 [Flags] 2 [Guid] 1129181358 [EditorId] 1129181358 [Version] 1048832 [Id] WindowsEditor(7,Meu-Computador) [Debug] 1 [PackageName] WindowsEditor [ProjectName] Editor" 

Player connection [8440]  * "[IP] 192.168.15.8 [Port] 0 [Flags] 2 [Guid] 1129181358 [EditorId] 1129181358 [Version] 1048832 [Id] WindowsEditor(7,Meu-Computador) [Debug] 1 [PackageName] WindowsEditor [ProjectName] Editor" 

Player connection [8440] Host joined multi-casting on [225.0.0.222:54997]...
Player connection [8440] Host joined alternative multi-casting on [225.0.0.222:34997]...
JobSystem: Creating JobQueue using job-worker-count value 1
Input System module state changed to: Initialized.
[Physics::Module] Initialized fallback backend.
[Physics::Module] Id: 0xdecafbad
Library Redirect Path: Library/
[Physics::Module] Selected backend.
[Physics::Module] Name: PhysX
[Physics::Module] Id: 0xf2b8ea05
[Physics::Module] SDK Version: 4.1.2
[Physics::Module] Integration Version: 1.0.0
[Physics::Module] Threading Mode: Multi-Threaded
Refreshing native plugins compatible for Editor in 9.53 ms, found 5 plugins.
Initialize engine version: 6000.5.7f1 (017862109af0)
[Subsystems] Discovering subsystems at path C:/Program Files/Unity/Hub/Editor/6000.5.7f1/Editor/Data/Resources/UnitySubsystems
[Subsystems] Discovering subsystems at path C:/Unity Projects/Mahjong/Assets
Forcing GfxDevice: Direct3D 12
GfxDevice: creating device client; kGfxThreadingModeNonThreaded
d3d12: failed to query info queue interface (0x80004002).
Direct3D:
    Version:         Direct3D 12 [level 12.1]
    Renderer:        AMD Radeon(TM) Vega 8 Graphics (ID=0x15dd)
    Vendor:          ATI
    VRAM:            7129 MB
    App VRAM Budget: 8447 MB
    Driver:          31.0.21923.1000
    Unified Memory Architecture
Initialize mono
Mono path[0] = 'C:/Program Files/Unity/Hub/Editor/6000.5.7f1/Editor/Data/Managed'
Mono path[1] = 'C:/Program Files/Unity/Hub/Editor/6000.5.7f1/Editor/Data/BCLExtensions/runtime/netstandard2.1'
Mono path[2] = 'C:/Program Files/Unity/Hub/Editor/6000.5.7f1/Editor/Data/MonoBleedingEdge/lib/mono/unityjit-win32'
Mono config path = 'C:/Program Files/Unity/Hub/Editor/6000.5.7f1/Editor/Data/MonoBleedingEdge/etc'
Using monoOptions --debugger-agent=transport=dt_socket,embedding=1,server=y,suspend=n,address=127.0.0.1:56460
CodeReloadManager initialized
Begin MonoManager ReloadAssembly
Registering precompiled unity dll's ...
Register platform support module: C:/Program Files/Unity/Hub/Editor/6000.5.7f1/Editor/Data/PlaybackEngines/WebGLSupport/UnityEditor.WebGL.Extensions.dll
Register platform support module: C:/Program Files/Unity/Hub/Editor/6000.5.7f1/Editor/Data/PlaybackEngines/WindowsStandaloneSupport/UnityEditor.WindowsStandalone.Extensions.dll
[Licensing::Module] Licensing is not yet initialized.
[Licensing::Client] Error: HandshakeResponse reported an error:
	ResponseCode: 505
	ResponseStatus: Unsupported protocol version '1.18.1'.
[Licensing::Module] Error: Failed to handshake to channel: "LicenseClient-Kaic"
[Licensing::IpcConnector] LicenseClient-Kaic channel disconnected successfully.
[Licensing::IpcConnector] Successfully connected to: "LicenseClient-Kaic-6000.5.7" at "2026-08-13T00:02:32.3969653Z"
[Licensing::Client] Code 10 while verifying Licensing Client signature (process Id: 2856, path: "C:/Program Files/Unity/Hub/Editor/6000.5.7f1/Editor/Data/Resources/Licensing/Client/Unity.Licensing.Client.exe")
[Licensing::Module] LicensingClient has failed validation; ignoring
[Licensing::Client] Handshaking with LicensingClient:
  Version:                 1.18.1+9fbee8e
  Session Id:              584534df055041769b4099c11b284cbe
  Correlation Id:          490bb69d568da7e12f4c2a3c815afa89
  External correlation Id: 3970722500031960648
  Machine Id:              g0iPADZnjyML9Yu3F3OjyKLd91Q=
[Licensing::Module] Successfully connected to LicensingClient on channel: "LicenseClient-Kaic-6000.5.7" (connect: 0.00s, validation: 0.02s, handshake: 0.04s)
[Licensing::IpcConnector] Successfully connected to: "LicenseClient-Kaic-6000.5.7-notifications" at "2026-08-13T00:02:32.4636293Z"
[Licensing::Module] Licensing Background thread has ended after 3.25s
[Licensing::Module] Licensing is initialized (took 1.94s).
[Licensing::Client] Successfully resolved entitlement details
[Licensing::Module] License group:
  Id: 4673805899257-UnityPersXXXX
  Product: Unity Personal
  Type: Assigned
  Expiration: Unlimited
Register platform support module: C:/Program Files/Unity/Hub/Editor/6000.5.7f1/Editor/Data/PlaybackEngines/AndroidPlayer/UnityEditor.Android.Extensions.dll
Registered in 1.968031 seconds.
Native extension for Android target not found
Native extension for WindowsStandalone target not found
Native extension for WebGL target not found
Package Manager log level set to [2]
[Package Manager] Failed to launch server process. Reason: Unity was launched with the -noUpm command-line argument
[Package Manager] Unable to send message (not connected to server process).
[Package Manager] Cannot connect to Unity Package Manager local server
ScheduleIndexationOnStartup MainProcess:False IndexOnStartup:True
Mono: successfully reloaded assembly
- Finished resetting the current domain, in  0.736 seconds
Domain Reload Profiling: 4109ms
	BeginReloadAssembly (256ms)
	RebuildCommonClasses (10ms)
	RebuildNativeTypeToScriptingClass (30ms)
	initialDomainReloadingComplete (2132ms)
	LoadAllAssembliesAndSetupDomain (941ms)
		LoadAssemblies (252ms)
		AnalyzeDomain (508ms)
			TypeCache.Refresh (506ms)
				TypeCache.ScanAssembly (484ms)
	FinalizeReload (739ms)
		SetupLoadedEditorAssemblies (0ms)
			InitializePlatformSupportModulesInManaged (18ms)
			BeforeProcessingInitializeOnLoad (172ms)
			ProcessInitializeOnLoadAttributes (171ms)
			ProcessInitializeOnLoadMethodAttributes (225ms)
Initializing Unity extensions:
[Licensing::Client] Successfully resolved entitlement details
========================================================================
Worker process is ready to serve import requests
Import Worker Mode flag is 0x00
Curl error 3: URL rejected: Malformed input to a URL function
Begin MonoManager ReloadAssembly
Refreshing native plugins compatible for Editor in 5.58 ms, found 5 plugins.
Native extension for Android target not found
Native extension for WindowsStandalone target not found
Native extension for WebGL target not found
[Package Manager] Failed to launch server process. Reason: Unity was launched with the -noUpm command-line argument
[Package Manager] Unable to send message (not connected to server process).
[Package Manager] Cannot connect to Unity Package Manager local server
Refreshing native plugins compatible for Editor in 7.12 ms, found 5 plugins.
[Package Manager] Failed to launch server process. Reason: Unity was launched with the -noUpm command-line argument
[Package Manager] Unable to send message (not connected to server process).
[Package Manager] Cannot connect to Unity Package Manager local server
ScheduleIndexationOnStartup MainProcess:False IndexOnStartup:True
Mono: successfully reloaded assembly
- Finished resetting the current domain, in  1.715 seconds
Domain Reload Profiling: 3476ms
	BeginReloadAssembly (334ms)
		DisableScriptedObjects (15ms)
		CreateAndSetChildDomain (47ms)
	RebuildCommonClasses (16ms)
	RebuildNativeTypeToScriptingClass (33ms)
	initialDomainReloadingComplete (117ms)
	LoadAllAssembliesAndSetupDomain (1260ms)
		LoadAssemblies (695ms)
		AnalyzeDomain (496ms)
			TypeCache.Refresh (344ms)
				TypeCache.ScanAssembly (313ms)
			BuildScriptInfoCaches (136ms)
			ResolveRequiredComponents (12ms)
	FinalizeReload (1716ms)
		SetupLoadedEditorAssemblies (0ms)
			InitializePlatformSupportModulesInManaged (14ms)
			BeforeProcessingInitializeOnLoad (170ms)
			ProcessInitializeOnLoadAttributes (720ms)
			ProcessInitializeOnLoadMethodAttributes (448ms)
			AfterProcessingInitializeOnLoad (12ms)
		AwakeInstancesAfterBackupRestoration (6ms)
AcceleratorClientConnectionCallback - disconnected - :0
Launched and connected shader compiler UnityShaderCompiler.exe after 0.02 seconds
Refreshing native plugins compatible for Editor in 4.84 ms, found 5 plugins.
Unloading 22 Unused Serialized files (Serialized files now loaded: 0)
Curl error 3: URL rejected: Malformed input to a URL function
Unloading 7360 unused Assets / (6.3 MB). Loaded Objects now: 8230.
Memory consumption went from 347.3 MB to 341.0 MB.
Total: 16.817600 ms (FindLiveObjects: 1.170100 ms CreateObjectMapping: 3.297400 ms MarkObjects: 8.051400 ms  DeleteObjects: 4.295300 ms)

========================================================================
Received Prepare
AcceleratorClientConnectionCallback - disconnected - :0
Refreshing native plugins compatible for Editor in 4.51 ms, found 5 plugins.
Unloading 22 Unused Serialized files (Serialized files now loaded: 0)
Unloading 22 unused Assets / (2.6 MB). Loaded Objects now: 8230.
Memory consumption went from 339.2 MB to 336.6 MB.
Total: 10.571500 ms (FindLiveObjects: 0.575700 ms CreateObjectMapping: 1.294400 ms MarkObjects: 7.934900 ms  DeleteObjects: 0.764000 ms)

Prepare: number of updated asset objects reloaded= 0
========================================================================
Received Import Request.
  Time of request: 2026-08-13T00:03:52.1550142Z
  Time since last request: 77345.17586790000496 seconds.
  importAddress: GUID: 3636770fa613b7845b05b255d7827be7 - Path: Assets/Scripts/SlotManager.cs - Importer: ScriptedImporter/UnityEditor.QuickSearchModule:UnityEditor.Search:ASIAI0B
Importing 'GUID: 3636770fa613b7845b05b255d7827be7 - Path: Assets/Scripts/SlotManager.cs - Importer: ScriptedImporter/UnityEditor.QuickSearchModule:UnityEditor.Search:ASIAI0B' with importer (ScriptedImporter : UnityEditor.QuickSearchModule:UnityEditor.Search:ASIAI0B)
Imported 'GUID: 3636770fa613b7845b05b255d7827be7' -> (Import Result ID: '30a31d1447cfc59eb45c6702bb564bbb') in 0.172 seconds [static and dynamic dependencies]. Details - ImportResultOutputID=16a6277634b27a76d8c2ff3d9a17aac7 DependenciesID=25c3133d7dbc0d2f8e09d99c04f33423 StaticDependenciesID=20572a558f178b4eff7e0d5937877053 
Number of updated asset objects reloaded before import = 0
Number of asset objects unloaded after import = 0
========================================================================
Received Import Request.
  Time of request: 2026-08-13T00:03:52.3492095Z
  Time since last request: 0.0000359 seconds.
  importAddress: GUID: 0ce54c42b3ad7e84791c9343a3e45fe5 - Path: Assets/Scripts/TileController.cs - Importer: ScriptedImporter/UnityEditor.QuickSearchModule:UnityEditor.Search:ASIAI0B
Importing 'GUID: 0ce54c42b3ad7e84791c9343a3e45fe5 - Path: Assets/Scripts/TileController.cs - Importer: ScriptedImporter/UnityEditor.QuickSearchModule:UnityEditor.Search:ASIAI0B' with importer (ScriptedImporter : UnityEditor.QuickSearchModule:UnityEditor.Search:ASIAI0B)
Imported 'GUID: 0ce54c42b3ad7e84791c9343a3e45fe5' -> (Import Result ID: 'efabdb31ec5fc274fabf2497f9482b2a') in 0.021 seconds [static and dynamic dependencies]. Details - ImportResultOutputID=77bb0ff442955843370c0b99aaba009a DependenciesID=092f355f03704a7b1e0d693dae3bbc88 StaticDependenciesID=4073397e955e83667fd3a5da8fb37d45 
Number of updated asset objects reloaded before import = 0
Number of asset objects unloaded after import = 0
========================================================================
Received Import Request.
  Time of request: 2026-08-13T00:03:52.394705Z
  Time since last request: 0.0006172 seconds.
  importAddress: GUID: 8c9cfa26abfee488c85f1582747f6a02 - Path: Assets/Scenes/SampleScene.unity - Importer: ScriptedImporter/UnityEditor.QuickSearchModule:UnityEditor.Search:ASIAI0B
Importing 'GUID: 8c9cfa26abfee488c85f1582747f6a02 - Path: Assets/Scenes/SampleScene.unity - Importer: ScriptedImporter/UnityEditor.QuickSearchModule:UnityEditor.Search:ASIAI0B' with importer (ScriptedImporter : UnityEditor.QuickSearchModule:UnityEditor.Search:ASIAI0B)
Imported 'GUID: 8c9cfa26abfee488c85f1582747f6a02' -> (Import Result ID: 'a39b8568779161dc6f6d6fc8e306b236') in 0.017 seconds [static and dynamic dependencies]. Details - ImportResultOutputID=042674f09b7557682113587ab89f3c09 DependenciesID=55399fc90b83b4d578b118688e371421 StaticDependenciesID=8d9eff2a1fc125b65bdc3271e90ddceb 
Number of updated asset objects reloaded before import = 0
Number of asset objects unloaded after import = 1
========================================================================
Received Import Request.
  Time of request: 2026-08-13T00:03:52.4329511Z
  Time since last request: 0.0009177 seconds.
  importAddress: GUID: 73dcb905383897643a944c3d616509b2 - Path: Assets/Prefabs/Tile-marreco.prefab - Importer: ScriptedImporter/UnityEditor.QuickSearchModule:UnityEditor.Search:ASIAI0B
Importing 'GUID: 73dcb905383897643a944c3d616509b2 - Path: Assets/Prefabs/Tile-marreco.prefab - Importer: ScriptedImporter/UnityEditor.QuickSearchModule:UnityEditor.Search:ASIAI0B' with importer (ScriptedImporter : UnityEditor.QuickSearchModule:UnityEditor.Search:ASIAI0B)
Imported 'GUID: 73dcb905383897643a944c3d616509b2' -> (Import Result ID: 'c17427b9422ed69edd42e3589d78e0af') in 0.133 seconds [static and dynamic dependencies]. Details - ImportResultOutputID=ad01118b04356ebbd7a6d2321ecc1a07 DependenciesID=e040a306374584cccf1422e9dda0ec4e StaticDependenciesID=38d07238f15c68034191952f855ecbae 
Number of updated asset objects reloaded before import = 0
Number of asset objects unloaded after import = 9
========================================================================
Received Prepare
AcceleratorClientConnectionCallback - disconnected - :0
Refreshing native plugins compatible for Editor in 6.37 ms, found 5 plugins.
Unloading 22 Unused Serialized files (Serialized files now loaded: 0)
Unloading 7354 unused Assets / (3.0 MB). Loaded Objects now: 8240.
Memory consumption went from 347.8 MB to 344.8 MB.
Total: 18.955100 ms (FindLiveObjects: 1.046100 ms CreateObjectMapping: 4.037100 ms MarkObjects: 10.865500 ms  DeleteObjects: 3.004300 ms)

Prepare: number of updated asset objects reloaded= 0
========================================================================
Received Import Request.
  Time of request: 2026-08-13T00:07:50.4432407Z
  Time since last request: 237.8509287 seconds.
  importAddress: GUID: 188918ab119d93148aa0de59ccf5286b - Path: Assets/Plugins/Demigiant/DOTween/Modules/DOTweenModuleSprite.cs - Importer: ScriptedImporter/UnityEditor.QuickSearchModule:UnityEditor.Search:ASIAI0B
Importing 'GUID: 188918ab119d93148aa0de59ccf5286b - Path: Assets/Plugins/Demigiant/DOTween/Modules/DOTweenModuleSprite.cs - Importer: ScriptedImporter/UnityEditor.QuickSearchModule:UnityEditor.Search:ASIAI0B' with importer (ScriptedImporter : UnityEditor.QuickSearchModule:UnityEditor.Search:ASIAI0B)
Imported 'GUID: 188918ab119d93148aa0de59ccf5286b' -> (Import Result ID: 'a415845bb0fbebc8add897a9a995872c') in 0.034 seconds [static and dynamic dependencies]. Details - ImportResultOutputID=f328867ca6da2047305e8bacfec085be DependenciesID=369c425a412c9707fdf6a2bcf8a3b1c9 StaticDependenciesID=634676ce9e8e211defadff659d65c136 
Number of updated asset objects reloaded before import = 0
Number of asset objects unloaded after import = 0
========================================================================
Received Import Request.
  Time of request: 2026-08-13T00:07:50.4969179Z
  Time since last request: 0.0004354 seconds.
  importAddress: GUID: 8f46310a8b0a8f04a92993c37c713243 - Path: Assets/Plugins/Demigiant/DOTween/Editor/DOTweenEditor.dll.mdb - Importer: ScriptedImporter/UnityEditor.QuickSearchModule:UnityEditor.Search:ASIAI0B
Importing 'GUID: 8f46310a8b0a8f04a92993c37c713243 - Path: Assets/Plugins/Demigiant/DOTween/Editor/DOTweenEditor.dll.mdb - Importer: ScriptedImporter/UnityEditor.QuickSearchModule:UnityEditor.Search:ASIAI0B' with importer (ScriptedImporter : UnityEditor.QuickSearchModule:UnityEditor.Search:ASIAI0B)
Imported 'GUID: 8f46310a8b0a8f04a92993c37c713243' -> (Import Result ID: 'da1f566388c3034bfa46e01bbf71a187') in 0.012 seconds [static and dynamic dependencies]. Details - ImportResultOutputID=5940344da300b411bcfd2b23e78352a0 DependenciesID=81965684865c5d33451bcdd1aaa2f758 StaticDependenciesID=569fcc67fe54166c1ba68f9f0a3c6752 
Number of updated asset objects reloaded before import = 0
Number of asset objects unloaded after import = 1
========================================================================
Received Import Request.
  Time of request: 2026-08-13T00:07:50.5459652Z
  Time since last request: 0.0000387 seconds.
  importAddress: GUID: a811bde74b26b53498b4f6d872b09b6d - Path: Assets/Plugins/Demigiant/DOTween/DOTween.dll - Importer: ScriptedImporter/UnityEditor.QuickSearchModule:UnityEditor.Search:ASIAI0B
Importing 'GUID: a811bde74b26b53498b4f6d872b09b6d - Path: Assets/Plugins/Demigiant/DOTween/DOTween.dll - Importer: ScriptedImporter/UnityEditor.QuickSearchModule:UnityEditor.Search:ASIAI0B' with importer (ScriptedImporter : UnityEditor.QuickSearchModule:UnityEditor.Search:ASIAI0B)
Imported 'GUID: a811bde74b26b53498b4f6d872b09b6d' -> (Import Result ID: 'caa5eaf7a5ba1135f8ce4c0d8dab8b4f') in 0.014 seconds [static and dynamic dependencies]. Details - ImportResultOutputID=c2edb5b14732d97c12bf98968cd9f0c0 DependenciesID=35d66ca03ce9399c41c1ae8364a293aa StaticDependenciesID=6c8126a332da566f7a6ddbce32f2f9fb 
Number of updated asset objects reloaded before import = 0
Number of asset objects unloaded after import = 0
========================================================================
Received Import Request.
  Time of request: 2026-08-13T00:07:50.591934Z
  Time since last request: 0.0000273 seconds.
  importAddress: GUID: 519694efe2bb2914788b151fbd8c01f4 - Path: Assets/Plugins/Demigiant/DOTween/Editor/Imgs/Footer_dark.png - Importer: ScriptedImporter/UnityEditor.QuickSearchModule:UnityEditor.Search:ASIAI0B
Importing 'GUID: 519694efe2bb2914788b151fbd8c01f4 - Path: Assets/Plugins/Demigiant/DOTween/Editor/Imgs/Footer_dark.png - Importer: ScriptedImporter/UnityEditor.QuickSearchModule:UnityEditor.Search:ASIAI0B' with importer (ScriptedImporter : UnityEditor.QuickSearchModule:UnityEditor.Search:ASIAI0B)
[Licensing::Client] Successfully resolved entitlement details
Imported 'GUID: 519694efe2bb2914788b151fbd8c01f4' -> (Import Result ID: '572622b566b3cb58de7062ed9a0b5488') in 0.088 seconds [static and dynamic dependencies]. Details - ImportResultOutputID=d55ccf2d75ad2b047d054e2e3ebbbefb DependenciesID=947094a5737543233fea7170fecf20e8 StaticDependenciesID=fd88e791348bfc3584c9bc9f43e77bc5 
Number of updated asset objects reloaded before import = 0
Number of asset objects unloaded after import = 1
========================================================================
Received Import Request.
  Time of request: 2026-08-13T00:07:50.7024672Z
  Time since last request: 0.0008696 seconds.
  importAddress: GUID: 2e2c6224d345d9249acfa6e8ef40bb2d - Path: Assets/Plugins/Demigiant/DOTween/Editor/DOTweenEditor.XML - Importer: ScriptedImporter/UnityEditor.QuickSearchModule:UnityEditor.Search:ASIAI0B
Importing 'GUID: 2e2c6224d345d9249acfa6e8ef40bb2d - Path: Assets/Plugins/Demigiant/DOTween/Editor/DOTweenEditor.XML - Importer: ScriptedImporter/UnityEditor.QuickSearchModule:UnityEditor.Search:ASIAI0B' with importer (ScriptedImporter : UnityEditor.QuickSearchModule:UnityEditor.Search:ASIAI0B)
Imported 'GUID: 2e2c6224d345d9249acfa6e8ef40bb2d' -> (Import Result ID: '5736221c3ce30187f45aed8c21578953') in 0.016 seconds [static and dynamic dependencies]. Details - ImportResultOutputID=c9d20b5638350aadc7941df70a1ff30c DependenciesID=4b49c67d0098c23ce02fe8361a730d91 StaticDependenciesID=57e2aa6a062a86ae1b1560452dbc9324 
Number of updated asset objects reloaded before import = 0
Number of asset objects unloaded after import = 1
========================================================================
Received Import Request.
  Time of request: 2026-08-13T00:07:50.7430229Z
  Time since last request: 0.0000253 seconds.
  importAddress: GUID: 63c02322328255542995bd02b47b0457 - Path: Assets/Plugins/Demigiant/DOTween/Modules/DOTweenModuleUnityVersion.cs - Importer: ScriptedImporter/UnityEditor.QuickSearchModule:UnityEditor.Search:ASIAI0B
Importing 'GUID: 63c02322328255542995bd02b47b0457 - Path: Assets/Plugins/Demigiant/DOTween/Modules/DOTweenModuleUnityVersion.cs - Importer: ScriptedImporter/UnityEditor.QuickSearchModule:UnityEditor.Search:ASIAI0B' with importer (ScriptedImporter : UnityEditor.QuickSearchModule:UnityEditor.Search:ASIAI0B)
Imported 'GUID: 63c02322328255542995bd02b47b0457' -> (Import Result ID: 'b1c502f23572b068d6f0b6b737aa6c31') in 0.009 seconds [static and dynamic dependencies]. Details - ImportResultOutputID=5537830b4a5b94708f2288ff35617075 DependenciesID=0a451d40e02f3034e2dade917f0d037f StaticDependenciesID=38e165b4baed3bba609b5d27650b0758 
Number of updated asset objects reloaded before import = 0
Number of asset objects unloaded after import = 0
========================================================================
Received Import Request.
  Time of request: 2026-08-13T00:07:50.7784137Z
  Time since last request: 0.0006947 seconds.
  importAddress: GUID: a50bd9a009c8dfc4ebd88cc8101225a7 - Path: Assets/Plugins/Demigiant/DOTween - Importer: ScriptedImporter/UnityEditor.QuickSearchModule:UnityEditor.Search:ASIAI0B
Importing 'GUID: a50bd9a009c8dfc4ebd88cc8101225a7 - Path: Assets/Plugins/Demigiant/DOTween - Importer: ScriptedImporter/UnityEditor.QuickSearchModule:UnityEditor.Search:ASIAI0B' with importer (ScriptedImporter : UnityEditor.QuickSearchModule:UnityEditor.Search:ASIAI0B)
Imported 'GUID: a50bd9a009c8dfc4ebd88cc8101225a7' -> (Import Result ID: 'bfd04498345b0b28bb0235b3578d7f81') in 0.011 seconds [static and dynamic dependencies]. Details - ImportResultOutputID=929844d1fef1fe4065a0fbf31e6ef94a DependenciesID=08bcb1425eb7d6aa93c30302e047ae87 StaticDependenciesID=6f3120564faee9f60b27dd9e7d2f7c91 
Number of updated asset objects reloaded before import = 0
Number of asset objects unloaded after import = 1
========================================================================
Received Import Request.
  Time of request: 2026-08-13T00:07:50.8124992Z
  Time since last request: 0.0000258 seconds.
  importAddress: GUID: 2bf936a5d80799e4e88ec9270fea75a4 - Path: Assets/Plugins/Demigiant/DOTween/Editor/DOTweenUpgradeManager.dll - Importer: ScriptedImporter/UnityEditor.QuickSearchModule:UnityEditor.Search:ASIAI0B
Importing 'GUID: 2bf936a5d80799e4e88ec9270fea75a4 - Path: Assets/Plugins/Demigiant/DOTween/Editor/DOTweenUpgradeManager.dll - Importer: ScriptedImporter/UnityEditor.QuickSearchModule:UnityEditor.Search:ASIAI0B' with importer (ScriptedImporter : UnityEditor.QuickSearchModule:UnityEditor.Search:ASIAI0B)
Imported 'GUID: 2bf936a5d80799e4e88ec9270fea75a4' -> (Import Result ID: '691bdd211af79e7c9150e18a9c9536c5') in 0.011 seconds [static and dynamic dependencies]. Details - ImportResultOutputID=cc6faf207d6e666eee5b2e3ab7c102d2 DependenciesID=741a2ab9cd948ec4cd2958f728910fc3 StaticDependenciesID=8e29a784ad32918bd3470e08973c6801 
Number of updated asset objects reloaded before import = 0
Number of asset objects unloaded after import = 0
========================================================================
Received Import Request.
  Time of request: 2026-08-13T00:07:50.845798Z
  Time since last request: 0.0007532 seconds.
  importAddress: GUID: 78a59ca99f8987941adb61f9e14a06a7 - Path: Assets/Plugins/Demigiant/DOTween/Editor/Imgs/Header.jpg - Importer: ScriptedImporter/UnityEditor.QuickSearchModule:UnityEditor.Search:ASIAI0B
Importing 'GUID: 78a59ca99f8987941adb61f9e14a06a7 - Path: Assets/Plugins/Demigiant/DOTween/Editor/Imgs/Header.jpg - Importer: ScriptedImporter/UnityEditor.QuickSearchModule:UnityEditor.Search:ASIAI0B' with importer (ScriptedImporter : UnityEditor.QuickSearchModule:UnityEditor.Search:ASIAI0B)
Imported 'GUID: 78a59ca99f8987941adb61f9e14a06a7' -> (Import Result ID: '736ac213f13c63d7694e390999468196') in 0.016 seconds [static and dynamic dependencies]. Details - ImportResultOutputID=1954a28448cb2ad6a271a32ae6412e4e DependenciesID=0dea9f049f9e171448d247ac62277eb9 StaticDependenciesID=86eef2f752cd4a579e4617485f6f2f3b 
Number of updated asset objects reloaded before import = 0
Number of asset objects unloaded after import = 1
========================================================================
Received Import Request.
  Time of request: 2026-08-13T00:07:50.8830139Z
  Time since last request: 0.0001209 seconds.
  importAddress: GUID: 4f007001a22b3d24dae350342c4d19c8 - Path: Assets/Plugins/Demigiant/DOTween/DOTween.dll.mdb - Importer: ScriptedImporter/UnityEditor.QuickSearchModule:UnityEditor.Search:ASIAI0B
Importing 'GUID: 4f007001a22b3d24dae350342c4d19c8 - Path: Assets/Plugins/Demigiant/DOTween/DOTween.dll.mdb - Importer: ScriptedImporter/UnityEditor.QuickSearchModule:UnityEditor.Search:ASIAI0B' with importer (ScriptedImporter : UnityEditor.QuickSearchModule:UnityEditor.Search:ASIAI0B)
Imported 'GUID: 4f007001a22b3d24dae350342c4d19c8' -> (Import Result ID: '61fd831ecbdd7d8182e065fd9c84c401') in 0.009 seconds [static and dynamic dependencies]. Details - ImportResultOutputID=30aaeb43ed7df46c1507eabd37bc4ee9 DependenciesID=bedbfa8877918dbb914e29f3a3c5fdb2 StaticDependenciesID=6b44dfe95a34e6a38daf99fb3e43b1f5 
Number of updated asset objects reloaded before import = 0
Number of asset objects unloaded after import = 1
========================================================================
Received Import Request.
  Time of request: 2026-08-13T00:07:50.9129134Z
  Time since last request: 0.000305 seconds.
  importAddress: GUID: 143604b8bad857d47a6f7cc7a533e2dc - Path: Assets/Plugins/Demigiant/DOTween/Modules - Importer: ScriptedImporter/UnityEditor.QuickSearchModule:UnityEditor.Search:ASIAI0B
Importing 'GUID: 143604b8bad857d47a6f7cc7a533e2dc - Path: Assets/Plugins/Demigiant/DOTween/Modules - Importer: ScriptedImporter/UnityEditor.QuickSearchModule:UnityEditor.Search:ASIAI0B' with importer (ScriptedImporter : UnityEditor.QuickSearchModule:UnityEditor.Search:ASIAI0B)
Imported 'GUID: 143604b8bad857d47a6f7cc7a533e2dc' -> (Import Result ID: 'ce5bf128e59c6fcec6df32eefac49724') in 0.010 seconds [static and dynamic dependencies]. Details - ImportResultOutputID=d03571b3d05be9f9c09ce23cf3a3f070 DependenciesID=a6344c5a60938fef5879d61938d58fa9 StaticDependenciesID=76b107f590fd22bbf746ba823f33426e 
Number of updated asset objects reloaded before import = 0
Number of asset objects unloaded after import = 1
========================================================================
Received Import Request.
  Time of request: 2026-08-13T00:07:50.9442583Z
  Time since last request: 0.0000373 seconds.
  importAddress: GUID: fccfc62abf2eb0a4db614853430894fd - Path: Assets/Plugins/Demigiant/DOTween/readme.txt - Importer: ScriptedImporter/UnityEditor.QuickSearchModule:UnityEditor.Search:ASIAI0B
Importing 'GUID: fccfc62abf2eb0a4db614853430894fd - Path: Assets/Plugins/Demigiant/DOTween/readme.txt - Importer: ScriptedImporter/UnityEditor.QuickSearchModule:UnityEditor.Search:ASIAI0B' with importer (ScriptedImporter : UnityEditor.QuickSearchModule:UnityEditor.Search:ASIAI0B)
Imported 'GUID: fccfc62abf2eb0a4db614853430894fd' -> (Import Result ID: '565369ca1d321b6bc1602f17c5139873') in 0.009 seconds [static and dynamic dependencies]. Details - ImportResultOutputID=a140e0bf45a1c72dda22001cfd5128c3 DependenciesID=d96d36b077b53a26e06cc9b0ff2c7bcc StaticDependenciesID=c765f308502f76770502b2a661c3953f 
Number of updated asset objects reloaded before import = 0
Number of asset objects unloaded after import = 1
========================================================================
Received Import Request.
  Time of request: 2026-08-13T00:07:50.9817798Z
  Time since last request: 0.0006511 seconds.
  importAddress: GUID: 8da095e39e9b4df488dfd436f81116d6 - Path: Assets/Plugins/Demigiant/DOTween/Editor/Imgs/DOTweenIcon.png - Importer: ScriptedImporter/UnityEditor.QuickSearchModule:UnityEditor.Search:ASIAI0B
Importing 'GUID: 8da095e39e9b4df488dfd436f81116d6 - Path: Assets/Plugins/Demigiant/DOTween/Editor/Imgs/DOTweenIcon.png - Importer: ScriptedImporter/UnityEditor.QuickSearchModule:UnityEditor.Search:ASIAI0B' with importer (ScriptedImporter : UnityEditor.QuickSearchModule:UnityEditor.Search:ASIAI0B)
Imported 'GUID: 8da095e39e9b4df488dfd436f81116d6' -> (Import Result ID: '1fb03586aaf95882dda0d00c0bebd79f') in 0.015 seconds [static and dynamic dependencies]. Details - ImportResultOutputID=f1eceef75ef0d53f88ce679a329d1f54 DependenciesID=8fbfd418fe4e1a29daa875816740864e StaticDependenciesID=0ab5073356bdb46dfcf0f49d5c8bb758 
Number of updated asset objects reloaded before import = 0
Number of asset objects unloaded after import = 1
========================================================================
Received Import Request.
  Time of request: 2026-08-13T00:07:51.021171Z
  Time since last request: 0.0003204 seconds.
  importAddress: GUID: 34192c5e0d14aee43a0e86cc4823268a - Path: Assets/Plugins/Demigiant/DOTween/DOTween.XML - Importer: ScriptedImporter/UnityEditor.QuickSearchModule:UnityEditor.Search:ASIAI0B
Importing 'GUID: 34192c5e0d14aee43a0e86cc4823268a - Path: Assets/Plugins/Demigiant/DOTween/DOTween.XML - Importer: ScriptedImporter/UnityEditor.QuickSearchModule:UnityEditor.Search:ASIAI0B' with importer (ScriptedImporter : UnityEditor.QuickSearchModule:UnityEditor.Search:ASIAI0B)
Imported 'GUID: 34192c5e0d14aee43a0e86cc4823268a' -> (Import Result ID: '65d70f2f20666d7f34921feadeae6eb4') in 0.012 seconds [static and dynamic dependencies]. Details - ImportResultOutputID=0a057a3487b5a68877cd00da7e468547 DependenciesID=6401d03a4f620e03f6a9dc28347f4273 StaticDependenciesID=cd62dbebfcefb6cea06f15632b2dd5ea 
Number of updated asset objects reloaded before import = 0
Number of asset objects unloaded after import = 1
========================================================================
Received Import Request.
  Time of request: 2026-08-13T00:07:51.0543011Z
  Time since last request: 0.0006551 seconds.
  importAddress: GUID: f6a88cb3ce8bf3e4ab2640022610358e - Path: Assets/Plugins - Importer: ScriptedImporter/UnityEditor.QuickSearchModule:UnityEditor.Search:ASIAI0B
Importing 'GUID: f6a88cb3ce8bf3e4ab2640022610358e - Path: Assets/Plugins - Importer: ScriptedImporter/UnityEditor.QuickSearchModule:UnityEditor.Search:ASIAI0B' with importer (ScriptedImporter : UnityEditor.QuickSearchModule:UnityEditor.Search:ASIAI0B)
Imported 'GUID: f6a88cb3ce8bf3e4ab2640022610358e' -> (Import Result ID: '755f9e2dd0b1264ba9ba9b1fce68672e') in 0.009 seconds [static and dynamic dependencies]. Details - ImportResultOutputID=7e6abe828f148d7a432022a3e4cafc48 DependenciesID=4fbe427957114d2704f89a59917a608a StaticDependenciesID=663743ea28dee2f07cc4fd3199044c63 
Number of updated asset objects reloaded before import = 0
Number of asset objects unloaded after import = 1
========================================================================
Received Import Request.
  Time of request: 2026-08-13T00:07:51.0856435Z
  Time since last request: 0.0008055 seconds.
  importAddress: GUID: 3df9fdaadcb4c394e826a4d8d20bb952 - Path: Assets/Plugins/Demigiant/DOTween/Editor/DOTweenUpgradeManager.XML - Importer: ScriptedImporter/UnityEditor.QuickSearchModule:UnityEditor.Search:ASIAI0B
Importing 'GUID: 3df9fdaadcb4c394e826a4d8d20bb952 - Path: Assets/Plugins/Demigiant/DOTween/Editor/DOTweenUpgradeManager.XML - Importer: ScriptedImporter/UnityEditor.QuickSearchModule:UnityEditor.Search:ASIAI0B' with importer (ScriptedImporter : UnityEditor.QuickSearchModule:UnityEditor.Search:ASIAI0B)
Imported 'GUID: 3df9fdaadcb4c394e826a4d8d20bb952' -> (Import Result ID: '2b57f3c8c32290393c878ec10bfcbdfc') in 0.009 seconds [static and dynamic dependencies]. Details - ImportResultOutputID=b4d4866717d446900b3504be7efdbd1c DependenciesID=f1e6396d746e6c5fafcaa7cacad9efaf StaticDependenciesID=e44f3e5c5a3f5a0866b9949e773b3664 
Number of updated asset objects reloaded before import = 0
Number of asset objects unloaded after import = 1
========================================================================
Received Import Request.
  Time of request: 2026-08-13T00:07:51.1161519Z
  Time since last request: 0.0006739 seconds.
  importAddress: GUID: 7051dba417b3d53409f2918f1ea4938d - Path: Assets/Plugins/Demigiant/DOTween/Editor/Imgs/Footer.png - Importer: ScriptedImporter/UnityEditor.QuickSearchModule:UnityEditor.Search:ASIAI0B
Importing 'GUID: 7051dba417b3d53409f2918f1ea4938d - Path: Assets/Plugins/Demigiant/DOTween/Editor/Imgs/Footer.png - Importer: ScriptedImporter/UnityEditor.QuickSearchModule:UnityEditor.Search:ASIAI0B' with importer (ScriptedImporter : UnityEditor.QuickSearchModule:UnityEditor.Search:ASIAI0B)
Imported 'GUID: 7051dba417b3d53409f2918f1ea4938d' -> (Import Result ID: 'f4c8a7bfdb37fef02a075d1bc43b2879') in 0.016 seconds [static and dynamic dependencies]. Details - ImportResultOutputID=794dd322cebe8e185dab8be28fc4985f DependenciesID=78e1ee8635d8cf7da45309961be7fcd0 StaticDependenciesID=bdf1e0904131261aeeed64fe681034d3 
Number of updated asset objects reloaded before import = 0
Number of asset objects unloaded after import = 1
========================================================================
Received Import Request.
  Time of request: 2026-08-13T00:07:51.1555058Z
  Time since last request: 0.0007019 seconds.
  importAddress: GUID: cee7901aa47968a46af805b3a7632bcc - Path: Assets/Plugins/Demigiant/DOTween/Editor/DOTweenUpgradeManager.dll.mdb - Importer: ScriptedImporter/UnityEditor.QuickSearchModule:UnityEditor.Search:ASIAI0B
Importing 'GUID: cee7901aa47968a46af805b3a7632bcc - Path: Assets/Plugins/Demigiant/DOTween/Editor/DOTweenUpgradeManager.dll.mdb - Importer: ScriptedImporter/UnityEditor.QuickSearchModule:UnityEditor.Search:ASIAI0B' with importer (ScriptedImporter : UnityEditor.QuickSearchModule:UnityEditor.Search:ASIAI0B)
Imported 'GUID: cee7901aa47968a46af805b3a7632bcc' -> (Import Result ID: 'a9d605ded1c925a4996b7119d175694e') in 0.011 seconds [static and dynamic dependencies]. Details - ImportResultOutputID=f4a872b0d2bfb555f52cb6e505d8a647 DependenciesID=aabf8a14555243a040ec6b80e0956dca StaticDependenciesID=11c2ce2133564a262ead1696653d51c5 
Number of updated asset objects reloaded before import = 0
Number of asset objects unloaded after import = 1
========================================================================
Received Import Request.
  Time of request: 2026-08-13T00:07:51.1869042Z
  Time since last request: 0.0006707 seconds.
  importAddress: GUID: a060394c03331a64392db53a10e7f2d1 - Path: Assets/Plugins/Demigiant/DOTween/Modules/DOTweenModuleUI.cs - Importer: ScriptedImporter/UnityEditor.QuickSearchModule:UnityEditor.Search:ASIAI0B
Importing 'GUID: a060394c03331a64392db53a10e7f2d1 - Path: Assets/Plugins/Demigiant/DOTween/Modules/DOTweenModuleUI.cs - Importer: ScriptedImporter/UnityEditor.QuickSearchModule:UnityEditor.Search:ASIAI0B' with importer (ScriptedImporter : UnityEditor.QuickSearchModule:UnityEditor.Search:ASIAI0B)
Imported 'GUID: a060394c03331a64392db53a10e7f2d1' -> (Import Result ID: 'cd416e279007114364b0d1177f7d88c6') in 0.012 seconds [static and dynamic dependencies]. Details - ImportResultOutputID=96dc2b681b80621280f217c3c9ddb584 DependenciesID=68aa9f4cf91bb708427ee21c249aedff StaticDependenciesID=27586dd0204f35c4515e6a82cf2adf42 
Number of updated asset objects reloaded before import = 0
Number of asset objects unloaded after import = 0
========================================================================
Received Import Request.
  Time of request: 2026-08-13T00:07:51.2208549Z
  Time since last request: 0.0003319 seconds.
  importAddress: GUID: 0c0a6d2683fb84e4193f2aa968264881 - Path: Assets/Plugins/Demigiant/DOTween/Modules/DOTweenModuleUIToolkit.cs - Importer: ScriptedImporter/UnityEditor.QuickSearchModule:UnityEditor.Search:ASIAI0B
Importing 'GUID: 0c0a6d2683fb84e4193f2aa968264881 - Path: Assets/Plugins/Demigiant/DOTween/Modules/DOTweenModuleUIToolkit.cs - Importer: ScriptedImporter/UnityEditor.QuickSearchModule:UnityEditor.Search:ASIAI0B' with importer (ScriptedImporter : UnityEditor.QuickSearchModule:UnityEditor.Search:ASIAI0B)
Imported 'GUID: 0c0a6d2683fb84e4193f2aa968264881' -> (Import Result ID: '9e99dd215d20312c52949549076b38ce') in 0.009 seconds [static and dynamic dependencies]. Details - ImportResultOutputID=6a51639a0f70e0193f5455318701f932 DependenciesID=0b8fdb27bf2a69aeed4019d2d34825cf StaticDependenciesID=3af092fbc6f2ad5f915aa61077bc4eec 
Number of updated asset objects reloaded before import = 0
Number of asset objects unloaded after import = 0
========================================================================
Received Import Request.
  Time of request: 2026-08-13T00:07:51.2505444Z
  Time since last request: 0.0000287 seconds.
  importAddress: GUID: b766d08851589514b97afb23c6f30a70 - Path: Assets/Plugins/Demigiant/DOTween/Modules/DOTweenModuleAudio.cs - Importer: ScriptedImporter/UnityEditor.QuickSearchModule:UnityEditor.Search:ASIAI0B
Importing 'GUID: b766d08851589514b97afb23c6f30a70 - Path: Assets/Plugins/Demigiant/DOTween/Modules/DOTweenModuleAudio.cs - Importer: ScriptedImporter/UnityEditor.QuickSearchModule:UnityEditor.Search:ASIAI0B' with importer (ScriptedImporter : UnityEditor.QuickSearchModule:UnityEditor.Search:ASIAI0B)
Imported 'GUID: b766d08851589514b97afb23c6f30a70' -> (Import Result ID: '657e69e30bdd2d5db8915781757d67ed') in 0.009 seconds [static and dynamic dependencies]. Details - ImportResultOutputID=505159da3593268097077b12c7d7dccb DependenciesID=afc05ac81843bc73e52a93ed93bddf71 StaticDependenciesID=e42a388a42400461c6670a4e218dc6d5 
Number of updated asset objects reloaded before import = 0
Number of asset objects unloaded after import = 0
========================================================================
Received Import Request.
  Time of request: 2026-08-13T00:07:51.2807795Z
  Time since last request: 0.000615 seconds.
  importAddress: GUID: 7bcaf917d9cf5b84090421a5a2abe42e - Path: Assets/Plugins/Demigiant/DOTween/Modules/DOTweenModuleUtils.cs - Importer: ScriptedImporter/UnityEditor.QuickSearchModule:UnityEditor.Search:ASIAI0B
Importing 'GUID: 7bcaf917d9cf5b84090421a5a2abe42e - Path: Assets/Plugins/Demigiant/DOTween/Modules/DOTweenModuleUtils.cs - Importer: ScriptedImporter/UnityEditor.QuickSearchModule:UnityEditor.Search:ASIAI0B' with importer (ScriptedImporter : UnityEditor.QuickSearchModule:UnityEditor.Search:ASIAI0B)
Imported 'GUID: 7bcaf917d9cf5b84090421a5a2abe42e' -> (Import Result ID: '3dda1afb02d7aecd7566f70a614cd6b2') in 0.009 seconds [static and dynamic dependencies]. Details - ImportResultOutputID=0cb2d0fad99ca6c9b501d26306474ff9 DependenciesID=e4b14d9526f1a85a1e0ba9441ada309d StaticDependenciesID=2dc8ce27c415d8cd0ac0dfc6b29f4a9d 
Number of updated asset objects reloaded before import = 0
Number of asset objects unloaded after import = 0
========================================================================
Received Import Request.
  Time of request: 2026-08-13T00:07:51.3114339Z
  Time since last request: 0.0001936 seconds.
  importAddress: GUID: 230fe34542e175245ba74b4659dae700 - Path: Assets/Plugins/Demigiant/DOTween/Modules/DOTweenModulePhysics2D.cs - Importer: ScriptedImporter/UnityEditor.QuickSearchModule:UnityEditor.Search:ASIAI0B
Importing 'GUID: 230fe34542e175245ba74b4659dae700 - Path: Assets/Plugins/Demigiant/DOTween/Modules/DOTweenModulePhysics2D.cs - Importer: ScriptedImporter/UnityEditor.QuickSearchModule:UnityEditor.Search:ASIAI0B' with importer (ScriptedImporter : UnityEditor.QuickSearchModule:UnityEditor.Search:ASIAI0B)
Imported 'GUID: 230fe34542e175245ba74b4659dae700' -> (Import Result ID: 'a5eb3354380a38592a023079fabd7757') in 0.010 seconds [static and dynamic dependencies]. Details - ImportResultOutputID=f6ef0b81e424d0bb10a4e2bdf273ec75 DependenciesID=76b8cc07f3e4cca8d193467a2749e613 StaticDependenciesID=988576d30cdee56241f5cc390afd1958 
Number of updated asset objects reloaded before import = 0
Number of asset objects unloaded after import = 0
========================================================================
Received Import Request.
  Time of request: 2026-08-13T00:07:51.3418398Z
  Time since last request: 0.0005613 seconds.
  importAddress: GUID: e944529dcaee98f4e9498d80e541d93e - Path: Assets/Plugins/Demigiant/DOTween/Modules/DOTweenModuleEPOOutline.cs - Importer: ScriptedImporter/UnityEditor.QuickSearchModule:UnityEditor.Search:ASIAI0B
Importing 'GUID: e944529dcaee98f4e9498d80e541d93e - Path: Assets/Plugins/Demigiant/DOTween/Modules/DOTweenModuleEPOOutline.cs - Importer: ScriptedImporter/UnityEditor.QuickSearchModule:UnityEditor.Search:ASIAI0B' with importer (ScriptedImporter : UnityEditor.QuickSearchModule:UnityEditor.Search:ASIAI0B)
Imported 'GUID: e944529dcaee98f4e9498d80e541d93e' -> (Import Result ID: 'e6e621b43d810f3119acb92f11ed993a') in 0.010 seconds [static and dynamic dependencies]. Details - ImportResultOutputID=ee580e72272a7d186030a3716e32715f DependenciesID=6cd39b0ce171e1e464cb8ab7571047ff StaticDependenciesID=4abd7ccfcd817d6476b791d3f263f561 
Number of updated asset objects reloaded before import = 0
Number of asset objects unloaded after import = 0
========================================================================
Received Import Request.
  Time of request: 2026-08-13T00:07:51.3731528Z
  Time since last request: 0.0018807 seconds.
  importAddress: GUID: b27f58ae5d5c33a4bb2d1f4f34bd036d - Path: Assets/Plugins/Demigiant/DOTween/Editor - Importer: ScriptedImporter/UnityEditor.QuickSearchModule:UnityEditor.Search:ASIAI0B
Importing 'GUID: b27f58ae5d5c33a4bb2d1f4f34bd036d - Path: Assets/Plugins/Demigiant/DOTween/Editor - Importer: ScriptedImporter/UnityEditor.QuickSearchModule:UnityEditor.Search:ASIAI0B' with importer (ScriptedImporter : UnityEditor.QuickSearchModule:UnityEditor.Search:ASIAI0B)
Imported 'GUID: b27f58ae5d5c33a4bb2d1f4f34bd036d' -> (Import Result ID: '42b08157e5118f26fdd5d0f99e008e19') in 0.010 seconds [static and dynamic dependencies]. Details - ImportResultOutputID=16410d343ffca117cd964a4e91391cae DependenciesID=6c3019a016631f8ddd17fa33f3f772ec StaticDependenciesID=f1a42581a415d89f5c785df7c942aead 
Number of updated asset objects reloaded before import = 0
Number of asset objects unloaded after import = 1
========================================================================
Received Import Request.
  Time of request: 2026-08-13T00:07:51.4050835Z
  Time since last request: 0.0002974 seconds.
  importAddress: GUID: 45d5034162d6cf04dbe46da84fc7d074 - Path: Assets/Plugins/Demigiant/DOTween/Editor/DOTweenEditor.dll - Importer: ScriptedImporter/UnityEditor.QuickSearchModule:UnityEditor.Search:ASIAI0B
Importing 'GUID: 45d5034162d6cf04dbe46da84fc7d074 - Path: Assets/Plugins/Demigiant/DOTween/Editor/DOTweenEditor.dll - Importer: ScriptedImporter/UnityEditor.QuickSearchModule:UnityEditor.Search:ASIAI0B' with importer (ScriptedImporter : UnityEditor.QuickSearchModule:UnityEditor.Search:ASIAI0B)
Imported 'GUID: 45d5034162d6cf04dbe46da84fc7d074' -> (Import Result ID: 'd19fdd5c4e24e719937d20c2f99cbcee') in 0.009 seconds [static and dynamic dependencies]. Details - ImportResultOutputID=bb5fb08e57cf80604b0fa772677bf05a DependenciesID=3d6f38a060cbc1517b32e6837eacc8ab StaticDependenciesID=aed89d450499c0260e1295ae62094124 
Number of updated asset objects reloaded before import = 0
Number of asset objects unloaded after import = 0
========================================================================
Received Import Request.
  Time of request: 2026-08-13T00:07:51.4337364Z
  Time since last request: 0.0006402 seconds.
  importAddress: GUID: 0034ebae0c2a9344e897db1160d71b6d - Path: Assets/Plugins/Demigiant/DOTween/Editor/Imgs - Importer: ScriptedImporter/UnityEditor.QuickSearchModule:UnityEditor.Search:ASIAI0B
Importing 'GUID: 0034ebae0c2a9344e897db1160d71b6d - Path: Assets/Plugins/Demigiant/DOTween/Editor/Imgs - Importer: ScriptedImporter/UnityEditor.QuickSearchModule:UnityEditor.Search:ASIAI0B' with importer (ScriptedImporter : UnityEditor.QuickSearchModule:UnityEditor.Search:ASIAI0B)
Imported 'GUID: 0034ebae0c2a9344e897db1160d71b6d' -> (Import Result ID: 'f1e36e3946387bd2492efc1d8224806f') in 0.008 seconds [static and dynamic dependencies]. Details - ImportResultOutputID=9229e2453dfd6ded2764040545b940f4 DependenciesID=be8b1306688284d17f6dccf6fb95f7ca StaticDependenciesID=da7bc243dabbf3f831e83de55444ed2d 
Number of updated asset objects reloaded before import = 0
Number of asset objects unloaded after import = 1
========================================================================
Received Import Request.
  Time of request: 2026-08-13T00:07:51.4666074Z
  Time since last request: 0.0000695 seconds.
  importAddress: GUID: 61521df2e071645488ba3d05e49289ae - Path: Assets/Plugins/Demigiant/DOTween/Editor/Imgs/DOTweenMiniIcon.png - Importer: ScriptedImporter/UnityEditor.QuickSearchModule:UnityEditor.Search:ASIAI0B
Importing 'GUID: 61521df2e071645488ba3d05e49289ae - Path: Assets/Plugins/Demigiant/DOTween/Editor/Imgs/DOTweenMiniIcon.png - Importer: ScriptedImporter/UnityEditor.QuickSearchModule:UnityEditor.Search:ASIAI0B' with importer (ScriptedImporter : UnityEditor.QuickSearchModule:UnityEditor.Search:ASIAI0B)
Imported 'GUID: 61521df2e071645488ba3d05e49289ae' -> (Import Result ID: '317fa6dc40eb85a95f0eb136ef6470e2') in 0.017 seconds [static and dynamic dependencies]. Details - ImportResultOutputID=ddfa74b60a168743b4205da960e8cb49 DependenciesID=f526d14fff9274e8ad97011e18f0ca79 StaticDependenciesID=2cd7e034e4fcc97b2b27d864a9b4d909 
Number of updated asset objects reloaded before import = 0
Number of asset objects unloaded after import = 1
========================================================================
Received Import Request.
  Time of request: 2026-08-13T00:07:51.506443Z
  Time since last request: 0.0006053 seconds.
  importAddress: GUID: f2052dac91844854b97c51871a25c776 - Path: Assets/Plugins/Demigiant - Importer: ScriptedImporter/UnityEditor.QuickSearchModule:UnityEditor.Search:ASIAI0B
Importing 'GUID: f2052dac91844854b97c51871a25c776 - Path: Assets/Plugins/Demigiant - Importer: ScriptedImporter/UnityEditor.QuickSearchModule:UnityEditor.Search:ASIAI0B' with importer (ScriptedImporter : UnityEditor.QuickSearchModule:UnityEditor.Search:ASIAI0B)
Imported 'GUID: f2052dac91844854b97c51871a25c776' -> (Import Result ID: '3a99afa2c58154fc1860a607af6d5b11') in 0.015 seconds [static and dynamic dependencies]. Details - ImportResultOutputID=b2f47b5cafc5d084c8430a8accd33ba5 DependenciesID=599e4a7b3a9bf715e51cc923e5e5205f StaticDependenciesID=53c36432f6101804dd1296e783ddd262 
Number of updated asset objects reloaded before import = 0
Number of asset objects unloaded after import = 1
========================================================================
Received Prepare
AcceleratorClientConnectionCallback - disconnected - :0
Refreshing native plugins compatible for Editor in 143.17 ms, found 5 plugins.
Unloading 22 Unused Serialized files (Serialized files now loaded: 0)
Unloading 7343 unused Assets / (2.9 MB). Loaded Objects now: 8232.
Memory consumption went from 347.9 MB to 345.0 MB.
Total: 49.695600 ms (FindLiveObjects: 5.575500 ms CreateObjectMapping: 5.944600 ms MarkObjects: 11.989400 ms  DeleteObjects: 26.184000 ms)

Prepare: number of updated asset objects reloaded= 0
========================================================================
Received Prepare
AcceleratorClientConnectionCallback - disconnected - :0
[Licensing::Client] Successfully resolved entitlement details
Begin MonoManager ReloadAssembly
Refreshing native plugins compatible for Editor in 7.16 ms, found 5 plugins.
Native extension for Android target not found
Native extension for WindowsStandalone target not found
Native extension for WebGL target not found
[Package Manager] Failed to launch server process. Reason: Unity was launched with the -noUpm command-line argument
[Package Manager] Unable to send message (not connected to server process).
[Package Manager] Cannot connect to Unity Package Manager local server
[Package Manager] Failed to launch server process. Reason: Unity was launched with the -noUpm command-line argument
[Package Manager] Unable to send message (not connected to server process).
[Package Manager] Cannot connect to Unity Package Manager local server
ScheduleIndexationOnStartup MainProcess:False IndexOnStartup:True
Mono: successfully reloaded assembly
- Finished resetting the current domain, in  1.686 seconds
Domain Reload Profiling: 6543ms
	BeginReloadAssembly (2387ms)
		DisableScriptedObjects (178ms)
		CreateAndSetChildDomain (328ms)
	RebuildCommonClasses (47ms)
	RebuildNativeTypeToScriptingClass (41ms)
	initialDomainReloadingComplete (283ms)
	LoadAllAssembliesAndSetupDomain (2096ms)
		LoadAssemblies (2701ms)
		AnalyzeDomain (118ms)
			TypeCache.Refresh (15ms)
			ResolveRequiredComponents (17ms)
	FinalizeReload (1688ms)
		SetupLoadedEditorAssemblies (0ms)
			InitializePlatformSupportModulesInManaged (17ms)
			BeforeProcessingInitializeOnLoad (187ms)
			ProcessInitializeOnLoadAttributes (642ms)
			ProcessInitializeOnLoadMethodAttributes (322ms)
			AfterProcessingInitializeOnLoad (16ms)
		AwakeInstancesAfterBackupRestoration (35ms)
Refreshing native plugins compatible for Editor in 4.83 ms, found 5 plugins.
Unloading 22 Unused Serialized files (Serialized files now loaded: 0)
Unloading 7358 unused Assets / (6.0 MB). Loaded Objects now: 8236.
Memory consumption went from 337.7 MB to 331.7 MB.
Total: 18.681700 ms (FindLiveObjects: 1.336000 ms CreateObjectMapping: 4.007700 ms MarkObjects: 8.427200 ms  DeleteObjects: 4.909000 ms)

Prepare: number of updated asset objects reloaded= 0
========================================================================
Received Prepare
AcceleratorClientConnectionCallback - disconnected - :0
Refreshing native plugins compatible for Editor in 4.62 ms, found 5 plugins.
Unloading 22 Unused Serialized files (Serialized files now loaded: 0)
Unloading 7354 unused Assets / (6.3 MB). Loaded Objects now: 8244.
Memory consumption went from 339.7 MB to 333.3 MB.
Total: 17.036400 ms (FindLiveObjects: 1.174500 ms CreateObjectMapping: 3.110400 ms MarkObjects: 7.882800 ms  DeleteObjects: 4.867000 ms)

Prepare: number of updated asset objects reloaded= 0
========================================================================
Received Import Request.
  Time of request: 2026-08-13T00:19:53.7126884Z
  Time since last request: 722.16985499999998 seconds.
  importAddress: GUID: 7bcaf917d9cf5b84090421a5a2abe42e - Path: Assets/Plugins/Demigiant/DOTween/Modules/DOTweenModuleUtils.cs - Importer: PreviewImporter
Importing 'GUID: 7bcaf917d9cf5b84090421a5a2abe42e - Path: Assets/Plugins/Demigiant/DOTween/Modules/DOTweenModuleUtils.cs - Importer: PreviewImporter' with importer (PreviewImporter)
Imported 'GUID: 7bcaf917d9cf5b84090421a5a2abe42e' -> (Import Result ID: '633f01f75056049316b28e23e131893c') in 0.002 seconds [static and dynamic dependencies]. Details - ImportResultOutputID=c34d177fc97d53f4df89469e69a5712b DependenciesID=7b0ce8c1d2f65a31e76db49a135c766e StaticDependenciesID=35ffb6279ee260901c603f551bb054ec 
Number of updated asset objects reloaded before import = 0
Number of asset objects unloaded after import = 0
========================================================================
Received Prepare
AcceleratorClientConnectionCallback - disconnected - :0
[Licensing::Client] Successfully resolved entitlement details
Begin MonoManager ReloadAssembly
Refreshing native plugins compatible for Editor in 3.65 ms, found 5 plugins.
Native extension for Android target not found
Native extension for WindowsStandalone target not found
Native extension for WebGL target not found
[Package Manager] Failed to launch server process. Reason: Unity was launched with the -noUpm command-line argument
[Package Manager] Unable to send message (not connected to server process).
[Package Manager] Cannot connect to Unity Package Manager local server
[Package Manager] Failed to launch server process. Reason: Unity was launched with the -noUpm command-line argument
[Package Manager] Unable to send message (not connected to server process).
[Package Manager] Cannot connect to Unity Package Manager local server
ScheduleIndexationOnStartup MainProcess:False IndexOnStartup:True
Mono: successfully reloaded assembly
- Finished resetting the current domain, in  1.373 seconds
Domain Reload Profiling: 3474ms
	BeginReloadAssembly (392ms)
		DisableScriptedObjects (34ms)
		CreateAndSetChildDomain (80ms)
	RebuildCommonClasses (18ms)
	RebuildNativeTypeToScriptingClass (28ms)
	initialDomainReloadingComplete (115ms)
	LoadAllAssembliesAndSetupDomain (1547ms)
		LoadAssemblies (1012ms)
		AnalyzeDomain (461ms)
			TypeCache.Refresh (239ms)
				TypeCache.ScanAssembly (214ms)
			BuildScriptInfoCaches (210ms)
			ResolveRequiredComponents (10ms)
	FinalizeReload (1374ms)
		SetupLoadedEditorAssemblies (0ms)
			InitializePlatformSupportModulesInManaged (14ms)
			BeforeProcessingInitializeOnLoad (163ms)
			ProcessInitializeOnLoadAttributes (564ms)
			ProcessInitializeOnLoadMethodAttributes (198ms)
			AfterProcessingInitializeOnLoad (17ms)
		AwakeInstancesAfterBackupRestoration (37ms)
Refreshing native plugins compatible for Editor in 4.25 ms, found 5 plugins.
Unloading 22 Unused Serialized files (Serialized files now loaded: 0)
Unloading 7370 unused Assets / (5.5 MB). Loaded Objects now: 8254.
Memory consumption went from 349.9 MB to 344.4 MB.
Total: 15.397500 ms (FindLiveObjects: 1.129300 ms CreateObjectMapping: 2.990200 ms MarkObjects: 7.673600 ms  DeleteObjects: 3.602600 ms)

Prepare: number of updated asset objects reloaded= 0
========================================================================
Received Prepare
AcceleratorClientConnectionCallback - disconnected - :0
[Licensing::Client] Successfully resolved entitlement details
Begin MonoManager ReloadAssembly
Refreshing native plugins compatible for Editor in 8.90 ms, found 5 plugins.
Native extension for Android target not found
Native extension for WindowsStandalone target not found
Native extension for WebGL target not found
[Package Manager] Failed to launch server process. Reason: Unity was launched with the -noUpm command-line argument
[Package Manager] Unable to send message (not connected to server process).
[Package Manager] Cannot connect to Unity Package Manager local server
[Package Manager] Failed to launch server process. Reason: Unity was launched with the -noUpm command-line argument
[Package Manager] Unable to send message (not connected to server process).
[Package Manager] Cannot connect to Unity Package Manager local server
ScheduleIndexationOnStartup MainProcess:False IndexOnStartup:True
Mono: successfully reloaded assembly
- Finished resetting the current domain, in  1.888 seconds
Domain Reload Profiling: 8462ms
	BeginReloadAssembly (3989ms)
		DisableScriptedObjects (2046ms)
		CreateAndSetChildDomain (272ms)
	RebuildCommonClasses (35ms)
	RebuildNativeTypeToScriptingClass (91ms)
	initialDomainReloadingComplete (365ms)
	LoadAllAssembliesAndSetupDomain (2088ms)
		LoadAssemblies (1722ms)
		AnalyzeDomain (648ms)
			TypeCache.Refresh (367ms)
				TypeCache.ScanAssembly (340ms)
			BuildScriptInfoCaches (267ms)
			ResolveRequiredComponents (11ms)
	FinalizeReload (1894ms)
		SetupLoadedEditorAssemblies (0ms)
			InitializePlatformSupportModulesInManaged (22ms)
			BeforeProcessingInitializeOnLoad (233ms)
			ProcessInitializeOnLoadAttributes (706ms)
			ProcessInitializeOnLoadMethodAttributes (286ms)
			AfterProcessingInitializeOnLoad (19ms)
		AwakeInstancesAfterBackupRestoration (46ms)
Refreshing native plugins compatible for Editor in 15.89 ms, found 5 plugins.
Unloading 22 Unused Serialized files (Serialized files now loaded: 0)
Unloading 7370 unused Assets / (2.9 MB). Loaded Objects now: 8257.
Memory consumption went from 356.1 MB to 353.2 MB.
Total: 20.645100 ms (FindLiveObjects: 1.268400 ms CreateObjectMapping: 4.136000 ms MarkObjects: 10.704500 ms  DeleteObjects: 4.533500 ms)

Prepare: number of updated asset objects reloaded= 0
========================================================================
Received Import Request.
  Time of request: 2026-08-13T00:41:01.2749959Z
  Time since last request: 1267.54393140000002 seconds.
  importAddress: GUID: 7bcaf917d9cf5b84090421a5a2abe42e - Path: Assets/Plugins/Demigiant/DOTween/Modules/DOTweenModuleUtils.cs - Importer: PreviewImporter
Importing 'GUID: 7bcaf917d9cf5b84090421a5a2abe42e - Path: Assets/Plugins/Demigiant/DOTween/Modules/DOTweenModuleUtils.cs - Importer: PreviewImporter' with importer (PreviewImporter)
Imported 'GUID: 7bcaf917d9cf5b84090421a5a2abe42e' -> (Import Result ID: '8f09d455aa8c961081c56266438e95d1') in 0.010 seconds [static and dynamic dependencies]. Details - ImportResultOutputID=c34d177fc97d53f4df89469e69a5712b DependenciesID=cf1e63eb782e5c64cf8efef9c86b094f StaticDependenciesID=35ffb6279ee260901c603f551bb054ec 
Number of updated asset objects reloaded before import = 0
Number of asset objects unloaded after import = 0
========================================================================
Received Prepare
AcceleratorClientConnectionCallback - disconnected - :0
Refreshing native plugins compatible for Editor in 4.57 ms, found 5 plugins.
Unloading 22 Unused Serialized files (Serialized files now loaded: 0)
Unloading 22 unused Assets / (2.6 MB). Loaded Objects now: 8257.
Memory consumption went from 347.2 MB to 344.5 MB.
Total: 10.560400 ms (FindLiveObjects: 0.649600 ms CreateObjectMapping: 1.088500 ms MarkObjects: 8.205600 ms  DeleteObjects: 0.614800 ms)

Prepare: number of updated asset objects reloaded= 0
========================================================================
Received Prepare
AcceleratorClientConnectionCallback - disconnected - :0
Refreshing native plugins compatible for Editor in 5.18 ms, found 5 plugins.
Unloading 22 Unused Serialized files (Serialized files now loaded: 0)
Unloading 7354 unused Assets / (5.9 MB). Loaded Objects now: 8256.
Memory consumption went from 354.4 MB to 348.5 MB.
Total: 16.598100 ms (FindLiveObjects: 1.090300 ms CreateObjectMapping: 3.717200 ms MarkObjects: 7.745100 ms  DeleteObjects: 4.043700 ms)

Prepare: number of updated asset objects reloaded= 0
========================================================================
Received Prepare
AcceleratorClientConnectionCallback - disconnected - :0
[Licensing::Client] Successfully resolved entitlement details
Begin MonoManager ReloadAssembly
Refreshing native plugins compatible for Editor in 6.14 ms, found 5 plugins.
Native extension for Android target not found
Native extension for WindowsStandalone target not found
Native extension for WebGL target not found
[Package Manager] Failed to launch server process. Reason: Unity was launched with the -noUpm command-line argument
[Package Manager] Unable to send message (not connected to server process).
[Package Manager] Cannot connect to Unity Package Manager local server
[Package Manager] Failed to launch server process. Reason: Unity was launched with the -noUpm command-line argument
[Package Manager] Unable to send message (not connected to server process).
[Package Manager] Cannot connect to Unity Package Manager local server
ScheduleIndexationOnStartup MainProcess:False IndexOnStartup:True
Mono: successfully reloaded assembly
- Finished resetting the current domain, in  1.402 seconds
Domain Reload Profiling: 3419ms
	BeginReloadAssembly (433ms)
		DisableScriptedObjects (31ms)
		CreateAndSetChildDomain (95ms)
	RebuildCommonClasses (17ms)
	RebuildNativeTypeToScriptingClass (32ms)
	initialDomainReloadingComplete (157ms)
	LoadAllAssembliesAndSetupDomain (1378ms)
		LoadAssemblies (820ms)
		AnalyzeDomain (500ms)
			TypeCache.Refresh (270ms)
				TypeCache.ScanAssembly (249ms)
			BuildScriptInfoCaches (218ms)
			ResolveRequiredComponents (9ms)
	FinalizeReload (1403ms)
		SetupLoadedEditorAssemblies (0ms)
			InitializePlatformSupportModulesInManaged (18ms)
			BeforeProcessingInitializeOnLoad (192ms)
			ProcessInitializeOnLoadAttributes (545ms)
			ProcessInitializeOnLoadMethodAttributes (199ms)
			AfterProcessingInitializeOnLoad (16ms)
		AwakeInstancesAfterBackupRestoration (39ms)
Refreshing native plugins compatible for Editor in 5.08 ms, found 5 plugins.
Unloading 22 Unused Serialized files (Serialized files now loaded: 0)
Unloading 7369 unused Assets / (5.7 MB). Loaded Objects now: 8259.
Memory consumption went from 358.9 MB to 353.2 MB.
Total: 16.356100 ms (FindLiveObjects: 1.172800 ms CreateObjectMapping: 3.157900 ms MarkObjects: 7.903300 ms  DeleteObjects: 4.120100 ms)

Prepare: number of updated asset objects reloaded= 0
========================================================================
Received Prepare
AcceleratorClientConnectionCallback - disconnected - :0
[Licensing::Client] Successfully resolved entitlement details
Begin MonoManager ReloadAssembly
Refreshing native plugins compatible for Editor in 8.85 ms, found 5 plugins.
Native extension for Android target not found
Native extension for WindowsStandalone target not found
Native extension for WebGL target not found
[Package Manager] Failed to launch server process. Reason: Unity was launched with the -noUpm command-line argument
[Package Manager] Unable to send message (not connected to server process).
[Package Manager] Cannot connect to Unity Package Manager local server
[Package Manager] Failed to launch server process. Reason: Unity was launched with the -noUpm command-line argument
[Package Manager] Unable to send message (not connected to server process).
[Package Manager] Cannot connect to Unity Package Manager local server
ScheduleIndexationOnStartup MainProcess:False IndexOnStartup:True
Mono: successfully reloaded assembly
- Finished resetting the current domain, in  5.398 seconds
Domain Reload Profiling: 14200ms
	BeginReloadAssembly (1106ms)
		DisableScriptedObjects (49ms)
		CreateAndSetChildDomain (173ms)
	RebuildCommonClasses (17ms)
	RebuildNativeTypeToScriptingClass (30ms)
	initialDomainReloadingComplete (399ms)
	LoadAllAssembliesAndSetupDomain (7247ms)
		LoadAssemblies (2178ms)
		AnalyzeDomain (4718ms)
			TypeCache.Refresh (4098ms)
				TypeCache.ScanAssembly (4035ms)
			BuildScriptInfoCaches (599ms)
			ResolveRequiredComponents (13ms)
	FinalizeReload (5400ms)
		SetupLoadedEditorAssemblies (0ms)
			InitializePlatformSupportModulesInManaged (47ms)
			BeforeProcessingInitializeOnLoad (440ms)
			ProcessInitializeOnLoadAttributes (1245ms)
			ProcessInitializeOnLoadMethodAttributes (374ms)
			AfterProcessingInitializeOnLoad (25ms)
		AwakeInstancesAfterBackupRestoration (51ms)
Refreshing native plugins compatible for Editor in 7.07 ms, found 5 plugins.
Unloading 22 Unused Serialized files (Serialized files now loaded: 0)
Unloading 7369 unused Assets / (5.6 MB). Loaded Objects now: 8262.
Memory consumption went from 363.0 MB to 357.4 MB.
Total: 30.797900 ms (FindLiveObjects: 1.254200 ms CreateObjectMapping: 7.713000 ms MarkObjects: 16.633900 ms  DeleteObjects: 5.194700 ms)

Prepare: number of updated asset objects reloaded= 0
========================================================================
Received Prepare
AcceleratorClientConnectionCallback - disconnected - :0
Refreshing native plugins compatible for Editor in 5.58 ms, found 5 plugins.
Unloading 22 Unused Serialized files (Serialized files now loaded: 0)
Unloading 7354 unused Assets / (6.7 MB). Loaded Objects now: 8262.
Memory consumption went from 365.0 MB to 358.3 MB.
Total: 88.761600 ms (FindLiveObjects: 17.555800 ms CreateObjectMapping: 7.853500 ms MarkObjects: 37.398700 ms  DeleteObjects: 25.951300 ms)

Prepare: number of updated asset objects reloaded= 0
========================================================================
Received Prepare
AcceleratorClientConnectionCallback - disconnected - :0
Refreshing native plugins compatible for Editor in 5.22 ms, found 5 plugins.
Unloading 22 Unused Serialized files (Serialized files now loaded: 0)
Unloading 7354 unused Assets / (5.8 MB). Loaded Objects now: 8262.
Memory consumption went from 366.8 MB to 361.1 MB.
Total: 20.934600 ms (FindLiveObjects: 1.151000 ms CreateObjectMapping: 3.352200 ms MarkObjects: 11.959800 ms  DeleteObjects: 4.469600 ms)

Prepare: number of updated asset objects reloaded= 0
========================================================================
Received Prepare
AcceleratorClientConnectionCallback - disconnected - :0
Refreshing native plugins compatible for Editor in 4.12 ms, found 5 plugins.
Unloading 22 Unused Serialized files (Serialized files now loaded: 0)
Unloading 7354 unused Assets / (5.8 MB). Loaded Objects now: 8262.
Memory consumption went from 368.7 MB to 362.9 MB.
Total: 18.817100 ms (FindLiveObjects: 1.152000 ms CreateObjectMapping: 4.632900 ms MarkObjects: 8.687100 ms  DeleteObjects: 4.342900 ms)

Prepare: number of updated asset objects reloaded= 0
========================================================================
Received Prepare
AcceleratorClientConnectionCallback - disconnected - :0
Refreshing native plugins compatible for Editor in 12.62 ms, found 5 plugins.
Unloading 22 Unused Serialized files (Serialized files now loaded: 0)
Unloading 7354 unused Assets / (5.9 MB). Loaded Objects now: 8262.
Memory consumption went from 370.6 MB to 364.6 MB.
Total: 21.809800 ms (FindLiveObjects: 3.912400 ms CreateObjectMapping: 4.646800 ms MarkObjects: 8.599800 ms  DeleteObjects: 4.648900 ms)

Prepare: number of updated asset objects reloaded= 0
========================================================================
Received Prepare
AcceleratorClientConnectionCallback - disconnected - :0
Refreshing native plugins compatible for Editor in 34.18 ms, found 5 plugins.
Unloading 22 Unused Serialized files (Serialized files now loaded: 0)
Unloading 7354 unused Assets / (2.9 MB). Loaded Objects now: 8262.
Memory consumption went from 372.4 MB to 369.6 MB.
Total: 176.739800 ms (FindLiveObjects: 1.309900 ms CreateObjectMapping: 8.683000 ms MarkObjects: 152.186100 ms  DeleteObjects: 14.558100 ms)

Prepare: number of updated asset objects reloaded= 0
========================================================================
Received Prepare
AcceleratorClientConnectionCallback - disconnected - :0
[Licensing::Client] Successfully resolved entitlement details
Begin MonoManager ReloadAssembly
Refreshing native plugins compatible for Editor in 6.00 ms, found 5 plugins.
Native extension for Android target not found
Native extension for WindowsStandalone target not found
Native extension for WebGL target not found
[Package Manager] Failed to launch server process. Reason: Unity was launched with the -noUpm command-line argument
[Package Manager] Unable to send message (not connected to server process).
[Package Manager] Cannot connect to Unity Package Manager local server
[Package Manager] Failed to launch server process. Reason: Unity was launched with the -noUpm command-line argument
[Package Manager] Unable to send message (not connected to server process).
[Package Manager] Cannot connect to Unity Package Manager local server
ScheduleIndexationOnStartup MainProcess:False IndexOnStartup:True
Mono: successfully reloaded assembly
- Finished resetting the current domain, in  1.859 seconds
Domain Reload Profiling: 4722ms
	BeginReloadAssembly (1058ms)
		DisableScriptedObjects (54ms)
		CreateAndSetChildDomain (216ms)
	RebuildCommonClasses (18ms)
	RebuildNativeTypeToScriptingClass (34ms)
	initialDomainReloadingComplete (337ms)
	LoadAllAssembliesAndSetupDomain (1414ms)
		LoadAssemblies (983ms)
		AnalyzeDomain (442ms)
			TypeCache.Refresh (16ms)
			BuildScriptInfoCaches (414ms)
			ResolveRequiredComponents (10ms)
	FinalizeReload (1861ms)
		SetupLoadedEditorAssemblies (0ms)
			InitializePlatformSupportModulesInManaged (14ms)
			BeforeProcessingInitializeOnLoad (173ms)
			ProcessInitializeOnLoadAttributes (656ms)
			ProcessInitializeOnLoadMethodAttributes (331ms)
			AfterProcessingInitializeOnLoad (24ms)
			EditorAssembliesLoaded (3ms)
		AwakeInstancesAfterBackupRestoration (75ms)
Refreshing native plugins compatible for Editor in 5.70 ms, found 5 plugins.
Unloading 22 Unused Serialized files (Serialized files now loaded: 0)
Unloading 7369 unused Assets / (5.8 MB). Loaded Objects now: 8265.
Memory consumption went from 374.5 MB to 368.7 MB.
Total: 19.600000 ms (FindLiveObjects: 2.230900 ms CreateObjectMapping: 4.064500 ms MarkObjects: 8.886000 ms  DeleteObjects: 4.415900 ms)

Prepare: number of updated asset objects reloaded= 0
========================================================================
Received Prepare
AcceleratorClientConnectionCallback - disconnected - :0
Refreshing native plugins compatible for Editor in 4.46 ms, found 5 plugins.
Unloading 22 Unused Serialized files (Serialized files now loaded: 0)
Unloading 7354 unused Assets / (6.1 MB). Loaded Objects now: 8265.
Memory consumption went from 376.4 MB to 370.4 MB.
Total: 18.729000 ms (FindLiveObjects: 1.449700 ms CreateObjectMapping: 4.372500 ms MarkObjects: 7.709400 ms  DeleteObjects: 5.195500 ms)

Prepare: number of updated asset objects reloaded= 0
========================================================================
Received Prepare
AcceleratorClientConnectionCallback - disconnected - :0
[Licensing::Client] Successfully resolved entitlement details
Begin MonoManager ReloadAssembly
Refreshing native plugins compatible for Editor in 5.26 ms, found 5 plugins.
Native extension for Android target not found
Native extension for WindowsStandalone target not found
Native extension for WebGL target not found
[Package Manager] Failed to launch server process. Reason: Unity was launched with the -noUpm command-line argument
[Package Manager] Unable to send message (not connected to server process).
[Package Manager] Cannot connect to Unity Package Manager local server
[Package Manager] Failed to launch server process. Reason: Unity was launched with the -noUpm command-line argument
[Package Manager] Unable to send message (not connected to server process).
[Package Manager] Cannot connect to Unity Package Manager local server
ScheduleIndexationOnStartup MainProcess:False IndexOnStartup:True
Mono: successfully reloaded assembly
- Finished resetting the current domain, in  1.518 seconds
Domain Reload Profiling: 3858ms
	BeginReloadAssembly (620ms)
		DisableScriptedObjects (176ms)
		CreateAndSetChildDomain (96ms)
	RebuildCommonClasses (16ms)
	RebuildNativeTypeToScriptingClass (34ms)
	initialDomainReloadingComplete (150ms)
	LoadAllAssembliesAndSetupDomain (1518ms)
		LoadAssemblies (809ms)
		AnalyzeDomain (542ms)
			TypeCache.Refresh (17ms)
			BuildScriptInfoCaches (498ms)
			ResolveRequiredComponents (21ms)
	FinalizeReload (1520ms)
		SetupLoadedEditorAssemblies (0ms)
			InitializePlatformSupportModulesInManaged (16ms)
			BeforeProcessingInitializeOnLoad (187ms)
			ProcessInitializeOnLoadAttributes (604ms)
			ProcessInitializeOnLoadMethodAttributes (228ms)
			AfterProcessingInitializeOnLoad (14ms)
		AwakeInstancesAfterBackupRestoration (38ms)
Refreshing native plugins compatible for Editor in 5.78 ms, found 5 plugins.
Unloading 22 Unused Serialized files (Serialized files now loaded: 0)
Unloading 7369 unused Assets / (6.5 MB). Loaded Objects now: 8268.
Memory consumption went from 378.3 MB to 371.8 MB.
Total: 29.052200 ms (FindLiveObjects: 3.671500 ms CreateObjectMapping: 4.095200 ms MarkObjects: 12.323700 ms  DeleteObjects: 8.959500 ms)

Prepare: number of updated asset objects reloaded= 0
========================================================================
Received Prepare
AcceleratorClientConnectionCallback - disconnected - :0
Refreshing native plugins compatible for Editor in 4.73 ms, found 5 plugins.
Unloading 22 Unused Serialized files (Serialized files now loaded: 0)
Unloading 7354 unused Assets / (2.9 MB). Loaded Objects now: 8268.
Memory consumption went from 380.3 MB to 377.4 MB.
Total: 57.399600 ms (FindLiveObjects: 1.826900 ms CreateObjectMapping: 3.532000 ms MarkObjects: 42.011500 ms  DeleteObjects: 10.027100 ms)

Prepare: number of updated asset objects reloaded= 0
========================================================================
Received Prepare
AcceleratorClientConnectionCallback - disconnected - :0
[Licensing::Client] Successfully resolved entitlement details
Begin MonoManager ReloadAssembly
Refreshing native plugins compatible for Editor in 4.18 ms, found 5 plugins.
Native extension for Android target not found
Native extension for WindowsStandalone target not found
Native extension for WebGL target not found
[Package Manager] Failed to launch server process. Reason: Unity was launched with the -noUpm command-line argument
[Package Manager] Unable to send message (not connected to server process).
[Package Manager] Cannot connect to Unity Package Manager local server
[Package Manager] Failed to launch server process. Reason: Unity was launched with the -noUpm command-line argument
[Package Manager] Unable to send message (not connected to server process).
[Package Manager] Cannot connect to Unity Package Manager local server
ScheduleIndexationOnStartup MainProcess:False IndexOnStartup:True
Mono: successfully reloaded assembly
- Finished resetting the current domain, in  1.731 seconds
Domain Reload Profiling: 4426ms
	BeginReloadAssembly (839ms)
		DisableScriptedObjects (93ms)
		CreateAndSetChildDomain (117ms)
	RebuildCommonClasses (18ms)
	RebuildNativeTypeToScriptingClass (36ms)
	initialDomainReloadingComplete (138ms)
	LoadAllAssembliesAndSetupDomain (1661ms)
		LoadAssemblies (1039ms)
		AnalyzeDomain (584ms)
			TypeCache.Refresh (18ms)
			BuildScriptInfoCaches (551ms)
			ResolveRequiredComponents (10ms)
	FinalizeReload (1734ms)
		SetupLoadedEditorAssemblies (0ms)
			InitializePlatformSupportModulesInManaged (26ms)
			BeforeProcessingInitializeOnLoad (197ms)
			ProcessInitializeOnLoadAttributes (660ms)
			ProcessInitializeOnLoadMethodAttributes (227ms)
			AfterProcessingInitializeOnLoad (20ms)
		AwakeInstancesAfterBackupRestoration (59ms)
Refreshing native plugins compatible for Editor in 4.16 ms, found 5 plugins.
Unloading 22 Unused Serialized files (Serialized files now loaded: 0)
Unloading 7369 unused Assets / (5.9 MB). Loaded Objects now: 8271.
Memory consumption went from 382.0 MB to 376.1 MB.
Total: 18.450000 ms (FindLiveObjects: 1.183700 ms CreateObjectMapping: 3.124400 ms MarkObjects: 9.191700 ms  DeleteObjects: 4.947800 ms)

Prepare: number of updated asset objects reloaded= 0
========================================================================
Received Prepare
AcceleratorClientConnectionCallback - disconnected - :0
Refreshing native plugins compatible for Editor in 4.57 ms, found 5 plugins.
Unloading 22 Unused Serialized files (Serialized files now loaded: 0)
Unloading 7354 unused Assets / (5.8 MB). Loaded Objects now: 8271.
Memory consumption went from 384.0 MB to 378.2 MB.
Total: 17.080300 ms (FindLiveObjects: 1.284400 ms CreateObjectMapping: 3.446400 ms MarkObjects: 7.171600 ms  DeleteObjects: 5.175800 ms)

Prepare: number of updated asset objects reloaded= 0
========================================================================
Received Prepare
AcceleratorClientConnectionCallback - disconnected - :0
Refreshing native plugins compatible for Editor in 6.66 ms, found 5 plugins.
Unloading 22 Unused Serialized files (Serialized files now loaded: 0)
Unloading 7354 unused Assets / (2.9 MB). Loaded Objects now: 8271.
Memory consumption went from 385.9 MB to 383.0 MB.
Total: 31.212500 ms (FindLiveObjects: 2.217900 ms CreateObjectMapping: 6.135000 ms MarkObjects: 18.534800 ms  DeleteObjects: 4.322700 ms)

Prepare: number of updated asset objects reloaded= 0
========================================================================
Received Prepare
AcceleratorClientConnectionCallback - disconnected - :0
[Licensing::Client] Successfully resolved entitlement details
Begin MonoManager ReloadAssembly
Refreshing native plugins compatible for Editor in 21.04 ms, found 5 plugins.
Native extension for Android target not found
Native extension for WindowsStandalone target not found
Native extension for WebGL target not found
[Package Manager] Failed to launch server process. Reason: Unity was launched with the -noUpm command-line argument
[Package Manager] Unable to send message (not connected to server process).
[Package Manager] Cannot connect to Unity Package Manager local server
[Package Manager] Failed to launch server process. Reason: Unity was launched with the -noUpm command-line argument
[Package Manager] Unable to send message (not connected to server process).
[Package Manager] Cannot connect to Unity Package Manager local server
ScheduleIndexationOnStartup MainProcess:False IndexOnStartup:True
Mono: successfully reloaded assembly
- Finished resetting the current domain, in  1.599 seconds
Domain Reload Profiling: 4214ms
	BeginReloadAssembly (1079ms)
		DisableScriptedObjects (73ms)
		CreateAndSetChildDomain (101ms)
	RebuildCommonClasses (17ms)
	RebuildNativeTypeToScriptingClass (28ms)
	initialDomainReloadingComplete (152ms)
	LoadAllAssembliesAndSetupDomain (1337ms)
		LoadAssemblies (754ms)
		AnalyzeDomain (537ms)
			TypeCache.Refresh (16ms)
			BuildScriptInfoCaches (428ms)
			ResolveRequiredComponents (91ms)
	FinalizeReload (1600ms)
		SetupLoadedEditorAssemblies (0ms)
			InitializePlatformSupportModulesInManaged (18ms)
			BeforeProcessingInitializeOnLoad (203ms)
			ProcessInitializeOnLoadAttributes (677ms)
			ProcessInitializeOnLoadMethodAttributes (222ms)
			AfterProcessingInitializeOnLoad (14ms)
		AwakeInstancesAfterBackupRestoration (41ms)
Refreshing native plugins compatible for Editor in 3.72 ms, found 5 plugins.
Unloading 22 Unused Serialized files (Serialized files now loaded: 0)
Unloading 7369 unused Assets / (6.0 MB). Loaded Objects now: 8274.
Memory consumption went from 387.8 MB to 381.8 MB.
Total: 17.500700 ms (FindLiveObjects: 1.217100 ms CreateObjectMapping: 4.424500 ms MarkObjects: 7.572300 ms  DeleteObjects: 4.285000 ms)

Prepare: number of updated asset objects reloaded= 0
========================================================================
Received Prepare
AcceleratorClientConnectionCallback - disconnected - :0
Refreshing native plugins compatible for Editor in 4.22 ms, found 5 plugins.
Unloading 22 Unused Serialized files (Serialized files now loaded: 0)
Unloading 7354 unused Assets / (5.7 MB). Loaded Objects now: 8274.
Memory consumption went from 389.7 MB to 384.0 MB.
Total: 18.240600 ms (FindLiveObjects: 1.133600 ms CreateObjectMapping: 3.049800 ms MarkObjects: 8.300500 ms  DeleteObjects: 5.754800 ms)

Prepare: number of updated asset objects reloaded= 0
========================================================================
Received Prepare
AcceleratorClientConnectionCallback - disconnected - :0
[Licensing::Client] Successfully resolved entitlement details
Begin MonoManager ReloadAssembly
Refreshing native plugins compatible for Editor in 4.77 ms, found 5 plugins.
Native extension for Android target not found
Native extension for WindowsStandalone target not found
Native extension for WebGL target not found
[Package Manager] Failed to launch server process. Reason: Unity was launched with the -noUpm command-line argument
[Package Manager] Unable to send message (not connected to server process).
[Package Manager] Cannot connect to Unity Package Manager local server
[Package Manager] Failed to launch server process. Reason: Unity was launched with the -noUpm command-line argument
[Package Manager] Unable to send message (not connected to server process).
[Package Manager] Cannot connect to Unity Package Manager local server
ScheduleIndexationOnStartup MainProcess:False IndexOnStartup:True
Mono: successfully reloaded assembly
- Finished resetting the current domain, in  1.767 seconds
Domain Reload Profiling: 4361ms
	BeginReloadAssembly (840ms)
		DisableScriptedObjects (62ms)
		CreateAndSetChildDomain (288ms)
	RebuildCommonClasses (15ms)
	RebuildNativeTypeToScriptingClass (31ms)
	initialDomainReloadingComplete (158ms)
	LoadAllAssembliesAndSetupDomain (1549ms)
		LoadAssemblies (834ms)
		AnalyzeDomain (705ms)
			TypeCache.Refresh (15ms)
			BuildScriptInfoCaches (662ms)
			ResolveRequiredComponents (24ms)
	FinalizeReload (1768ms)
		SetupLoadedEditorAssemblies (0ms)
			InitializePlatformSupportModulesInManaged (20ms)
			BeforeProcessingInitializeOnLoad (215ms)
			ProcessInitializeOnLoadAttributes (738ms)
			ProcessInitializeOnLoadMethodAttributes (282ms)
			AfterProcessingInitializeOnLoad (18ms)
		AwakeInstancesAfterBackupRestoration (37ms)
Refreshing native plugins compatible for Editor in 5.33 ms, found 5 plugins.
Unloading 22 Unused Serialized files (Serialized files now loaded: 0)
Unloading 7369 unused Assets / (6.0 MB). Loaded Objects now: 8277.
Memory consumption went from 392.2 MB to 386.2 MB.
Total: 19.755500 ms (FindLiveObjects: 1.279700 ms CreateObjectMapping: 4.140800 ms MarkObjects: 9.035200 ms  DeleteObjects: 5.298000 ms)

Prepare: number of updated asset objects reloaded= 0
========================================================================
Received Prepare
AcceleratorClientConnectionCallback - disconnected - :0
Refreshing native plugins compatible for Editor in 4.79 ms, found 5 plugins.
Unloading 22 Unused Serialized files (Serialized files now loaded: 0)
Unloading 7354 unused Assets / (3.6 MB). Loaded Objects now: 8277.
Memory consumption went from 394.2 MB to 390.6 MB.
Total: 43.677200 ms (FindLiveObjects: 1.285700 ms CreateObjectMapping: 10.289200 ms MarkObjects: 21.943800 ms  DeleteObjects: 10.156500 ms)

Prepare: number of updated asset objects reloaded= 0
========================================================================
Received Prepare
AcceleratorClientConnectionCallback - disconnected - :0
Refreshing native plugins compatible for Editor in 5.20 ms, found 5 plugins.
Unloading 22 Unused Serialized files (Serialized files now loaded: 0)
Unloading 7354 unused Assets / (4.5 MB). Loaded Objects now: 8277.
Memory consumption went from 396.0 MB to 391.6 MB.
Total: 18.637400 ms (FindLiveObjects: 1.272500 ms CreateObjectMapping: 3.990600 ms MarkObjects: 8.215000 ms  DeleteObjects: 5.157300 ms)

Prepare: number of updated asset objects reloaded= 0
========================================================================
Received Prepare
AcceleratorClientConnectionCallback - disconnected - :0
Refreshing native plugins compatible for Editor in 14.35 ms, found 5 plugins.
Unloading 22 Unused Serialized files (Serialized files now loaded: 0)
Unloading 7354 unused Assets / (5.6 MB). Loaded Objects now: 8277.
Memory consumption went from 397.9 MB to 392.3 MB.
Total: 132.699100 ms (FindLiveObjects: 1.626900 ms CreateObjectMapping: 3.970200 ms MarkObjects: 121.666300 ms  DeleteObjects: 5.434000 ms)

Prepare: number of updated asset objects reloaded= 0
========================================================================
Received Prepare
AcceleratorClientConnectionCallback - disconnected - :0
Begin MonoManager ReloadAssembly
Refreshing native plugins compatible for Editor in 8.22 ms, found 5 plugins.
Native extension for Android target not found
Native extension for WindowsStandalone target not found
Native extension for WebGL target not found
[Package Manager] Failed to launch server process. Reason: Unity was launched with the -noUpm command-line argument
[Package Manager] Unable to send message (not connected to server process).
[Package Manager] Cannot connect to Unity Package Manager local server
[Package Manager] Failed to launch server process. Reason: Unity was launched with the -noUpm command-line argument
[Package Manager] Unable to send message (not connected to server process).
[Package Manager] Cannot connect to Unity Package Manager local server
ScheduleIndexationOnStartup MainProcess:False IndexOnStartup:True
Mono: successfully reloaded assembly
- Finished resetting the current domain, in  1.768 seconds
Domain Reload Profiling: 3350ms
	BeginReloadAssembly (597ms)
		DisableScriptedObjects (31ms)
		CreateAndSetChildDomain (213ms)
	RebuildCommonClasses (17ms)
	RebuildNativeTypeToScriptingClass (31ms)
	initialDomainReloadingComplete (137ms)
	LoadAllAssembliesAndSetupDomain (798ms)
		LoadAssemblies (730ms)
		AnalyzeDomain (28ms)
			TypeCache.Refresh (12ms)
			ResolveRequiredComponents (10ms)
	FinalizeReload (1769ms)
		SetupLoadedEditorAssemblies (0ms)
			InitializePlatformSupportModulesInManaged (27ms)
			BeforeProcessingInitializeOnLoad (223ms)
			ProcessInitializeOnLoadAttributes (733ms)
			ProcessInitializeOnLoadMethodAttributes (224ms)
			AfterProcessingInitializeOnLoad (16ms)
		AwakeInstancesAfterBackupRestoration (38ms)
Refreshing native plugins compatible for Editor in 7.20 ms, found 5 plugins.
Unloading 22 Unused Serialized files (Serialized files now loaded: 0)
Unloading 7369 unused Assets / (5.4 MB). Loaded Objects now: 8280.
Memory consumption went from 400.1 MB to 394.8 MB.
Total: 22.122100 ms (FindLiveObjects: 1.290500 ms CreateObjectMapping: 5.175500 ms MarkObjects: 10.883500 ms  DeleteObjects: 4.770200 ms)

Prepare: number of updated asset objects reloaded= 0
========================================================================
Received Prepare
AcceleratorClientConnectionCallback - disconnected - :0
Refreshing native plugins compatible for Editor in 5.29 ms, found 5 plugins.
Unloading 22 Unused Serialized files (Serialized files now loaded: 0)
Unloading 7354 unused Assets / (5.1 MB). Loaded Objects now: 8280.
Memory consumption went from 402.1 MB to 397.0 MB.
Total: 21.708000 ms (FindLiveObjects: 1.211200 ms CreateObjectMapping: 3.377500 ms MarkObjects: 11.702100 ms  DeleteObjects: 5.415100 ms)

Prepare: number of updated asset objects reloaded= 0
========================================================================
Received Prepare
AcceleratorClientConnectionCallback - disconnected - :0
Refreshing native plugins compatible for Editor in 6.11 ms, found 5 plugins.
Unloading 22 Unused Serialized files (Serialized files now loaded: 0)
Unloading 7354 unused Assets / (6.1 MB). Loaded Objects now: 8280.
Memory consumption went from 404.0 MB to 397.9 MB.
Total: 17.786100 ms (FindLiveObjects: 1.217200 ms CreateObjectMapping: 3.851700 ms MarkObjects: 7.502800 ms  DeleteObjects: 5.212700 ms)

Prepare: number of updated asset objects reloaded= 0
========================================================================
Received Prepare
AcceleratorClientConnectionCallback - disconnected - :0
[Licensing::Client] Successfully resolved entitlement details
Begin MonoManager ReloadAssembly
Refreshing native plugins compatible for Editor in 4.65 ms, found 5 plugins.
Native extension for Android target not found
Native extension for WindowsStandalone target not found
Native extension for WebGL target not found
[Package Manager] Failed to launch server process. Reason: Unity was launched with the -noUpm command-line argument
[Package Manager] Unable to send message (not connected to server process).
[Package Manager] Cannot connect to Unity Package Manager local server
[Package Manager] Failed to launch server process. Reason: Unity was launched with the -noUpm command-line argument
[Package Manager] Unable to send message (not connected to server process).
[Package Manager] Cannot connect to Unity Package Manager local server
ScheduleIndexationOnStartup MainProcess:False IndexOnStartup:True
Mono: successfully reloaded assembly
- Finished resetting the current domain, in  1.669 seconds
Domain Reload Profiling: 4590ms
	BeginReloadAssembly (1205ms)
		DisableScriptedObjects (286ms)
		CreateAndSetChildDomain (216ms)
	RebuildCommonClasses (21ms)
	RebuildNativeTypeToScriptingClass (31ms)
	initialDomainReloadingComplete (142ms)
	LoadAllAssembliesAndSetupDomain (1520ms)
		LoadAssemblies (1600ms)
		AnalyzeDomain (40ms)
			TypeCache.Refresh (16ms)
			ResolveRequiredComponents (14ms)
	FinalizeReload (1671ms)
		SetupLoadedEditorAssemblies (0ms)
			InitializePlatformSupportModulesInManaged (17ms)
			BeforeProcessingInitializeOnLoad (181ms)
			ProcessInitializeOnLoadAttributes (666ms)
			ProcessInitializeOnLoadMethodAttributes (266ms)
			AfterProcessingInitializeOnLoad (26ms)
		AwakeInstancesAfterBackupRestoration (50ms)
Refreshing native plugins compatible for Editor in 6.61 ms, found 5 plugins.
Unloading 22 Unused Serialized files (Serialized files now loaded: 0)
Unloading 7369 unused Assets / (5.0 MB). Loaded Objects now: 8283.
Memory consumption went from 405.8 MB to 400.8 MB.
Total: 22.521700 ms (FindLiveObjects: 1.782400 ms CreateObjectMapping: 5.356100 ms MarkObjects: 10.755500 ms  DeleteObjects: 4.624900 ms)

Prepare: number of updated asset objects reloaded= 0
========================================================================
Received Prepare
AcceleratorClientConnectionCallback - disconnected - :0
Refreshing native plugins compatible for Editor in 17.65 ms, found 5 plugins.
Unloading 22 Unused Serialized files (Serialized files now loaded: 0)
Unloading 7354 unused Assets / (2.9 MB). Loaded Objects now: 8283.
Memory consumption went from 407.8 MB to 404.9 MB.
Total: 66.729400 ms (FindLiveObjects: 10.715900 ms CreateObjectMapping: 36.449100 ms MarkObjects: 14.795100 ms  DeleteObjects: 4.767000 ms)

Prepare: number of updated asset objects reloaded= 0
========================================================================
Received Prepare
AcceleratorClientConnectionCallback - disconnected - :0
Refreshing native plugins compatible for Editor in 10.14 ms, found 5 plugins.
Unloading 22 Unused Serialized files (Serialized files now loaded: 0)
Unloading 7354 unused Assets / (2.9 MB). Loaded Objects now: 8283.
Memory consumption went from 409.6 MB to 406.8 MB.
Total: 1086.518100 ms (FindLiveObjects: 1.566900 ms CreateObjectMapping: 4.476500 ms MarkObjects: 1067.896100 ms  DeleteObjects: 12.576100 ms)

Prepare: number of updated asset objects reloaded= 0
========================================================================
Received Prepare
AcceleratorClientConnectionCallback - disconnected - :0
Refreshing native plugins compatible for Editor in 6.06 ms, found 5 plugins.
Unloading 22 Unused Serialized files (Serialized files now loaded: 0)
Unloading 7354 unused Assets / (6.0 MB). Loaded Objects now: 8283.
Memory consumption went from 411.5 MB to 405.5 MB.
Total: 21.752500 ms (FindLiveObjects: 1.324200 ms CreateObjectMapping: 4.575000 ms MarkObjects: 10.037800 ms  DeleteObjects: 5.813300 ms)

Prepare: number of updated asset objects reloaded= 0
========================================================================
Received Prepare
AcceleratorClientConnectionCallback - disconnected - :0
[Licensing::Client] Successfully resolved entitlement details
Begin MonoManager ReloadAssembly
Refreshing native plugins compatible for Editor in 7.57 ms, found 5 plugins.
Native extension for Android target not found
Native extension for WindowsStandalone target not found
Native extension for WebGL target not found
[Package Manager] Failed to launch server process. Reason: Unity was launched with the -noUpm command-line argument
[Package Manager] Unable to send message (not connected to server process).
[Package Manager] Cannot connect to Unity Package Manager local server
[Package Manager] Failed to launch server process. Reason: Unity was launched with the -noUpm command-line argument
[Package Manager] Unable to send message (not connected to server process).
[Package Manager] Cannot connect to Unity Package Manager local server
ScheduleIndexationOnStartup MainProcess:False IndexOnStartup:True
Mono: successfully reloaded assembly
- Finished resetting the current domain, in  2.586 seconds
Domain Reload Profiling: 6002ms
	BeginReloadAssembly (604ms)
		DisableScriptedObjects (49ms)
		CreateAndSetChildDomain (136ms)
	RebuildCommonClasses (20ms)
	RebuildNativeTypeToScriptingClass (76ms)
	initialDomainReloadingComplete (279ms)
	LoadAllAssembliesAndSetupDomain (2434ms)
		LoadAssemblies (1149ms)
		AnalyzeDomain (754ms)
			TypeCache.Refresh (22ms)
			BuildScriptInfoCaches (718ms)
			ResolveRequiredComponents (11ms)
	FinalizeReload (2588ms)
		SetupLoadedEditorAssemblies (0ms)
			InitializePlatformSupportModulesInManaged (21ms)
			BeforeProcessingInitializeOnLoad (219ms)
			ProcessInitializeOnLoadAttributes (731ms)
			ProcessInitializeOnLoadMethodAttributes (252ms)
			AfterProcessingInitializeOnLoad (21ms)
			EditorAssembliesLoaded (3ms)
		AwakeInstancesAfterBackupRestoration (40ms)
Refreshing native plugins compatible for Editor in 6.18 ms, found 5 plugins.
Unloading 22 Unused Serialized files (Serialized files now loaded: 0)
Unloading 7369 unused Assets / (5.9 MB). Loaded Objects now: 8286.
Memory consumption went from 415.3 MB to 409.3 MB.
Total: 20.402600 ms (FindLiveObjects: 1.281500 ms CreateObjectMapping: 3.568800 ms MarkObjects: 10.670000 ms  DeleteObjects: 4.879900 ms)

Prepare: number of updated asset objects reloaded= 0
========================================================================
Received Prepare
AcceleratorClientConnectionCallback - disconnected - :0
Begin MonoManager ReloadAssembly
Refreshing native plugins compatible for Editor in 6.67 ms, found 5 plugins.
Native extension for Android target not found
Native extension for WindowsStandalone target not found
Native extension for WebGL target not found
[Package Manager] Failed to launch server process. Reason: Unity was launched with the -noUpm command-line argument
[Package Manager] Unable to send message (not connected to server process).
[Package Manager] Cannot connect to Unity Package Manager local server
[Package Manager] Failed to launch server process. Reason: Unity was launched with the -noUpm command-line argument
[Package Manager] Unable to send message (not connected to server process).
[Package Manager] Cannot connect to Unity Package Manager local server
ScheduleIndexationOnStartup MainProcess:False IndexOnStartup:True
Mono: successfully reloaded assembly
- Finished resetting the current domain, in  1.744 seconds
Domain Reload Profiling: 4823ms
	BeginReloadAssembly (1136ms)
		DisableScriptedObjects (589ms)
		CreateAndSetChildDomain (116ms)
	RebuildCommonClasses (20ms)
	RebuildNativeTypeToScriptingClass (37ms)
	initialDomainReloadingComplete (149ms)
	LoadAllAssembliesAndSetupDomain (1736ms)
		LoadAssemblies (901ms)
		AnalyzeDomain (594ms)
			TypeCache.Refresh (21ms)
			BuildScriptInfoCaches (560ms)
			ResolveRequiredComponents (10ms)
	FinalizeReload (1746ms)
		SetupLoadedEditorAssemblies (0ms)
			InitializePlatformSupportModulesInManaged (21ms)
			BeforeProcessingInitializeOnLoad (204ms)
			ProcessInitializeOnLoadAttributes (650ms)
			ProcessInitializeOnLoadMethodAttributes (301ms)
			AfterProcessingInitializeOnLoad (19ms)
		AwakeInstancesAfterBackupRestoration (45ms)
Refreshing native plugins compatible for Editor in 11.05 ms, found 5 plugins.
Unloading 22 Unused Serialized files (Serialized files now loaded: 0)
Unloading 7369 unused Assets / (4.0 MB). Loaded Objects now: 8289.
Memory consumption went from 418.5 MB to 414.5 MB.
Total: 29.949900 ms (FindLiveObjects: 1.827400 ms CreateObjectMapping: 5.859800 ms MarkObjects: 12.009400 ms  DeleteObjects: 10.250600 ms)

Prepare: number of updated asset objects reloaded= 0
========================================================================
Received Prepare
AcceleratorClientConnectionCallback - disconnected - :0
Refreshing native plugins compatible for Editor in 4.76 ms, found 5 plugins.
Unloading 22 Unused Serialized files (Serialized files now loaded: 0)
Unloading 7354 unused Assets / (5.7 MB). Loaded Objects now: 8289.
Memory consumption went from 420.5 MB to 414.8 MB.
Total: 17.992300 ms (FindLiveObjects: 1.347100 ms CreateObjectMapping: 4.205200 ms MarkObjects: 7.888600 ms  DeleteObjects: 4.548800 ms)

Prepare: number of updated asset objects reloaded= 0
========================================================================
Received Prepare
AcceleratorClientConnectionCallback - disconnected - :0
[Licensing::Client] Successfully resolved entitlement details
Begin MonoManager ReloadAssembly
Refreshing native plugins compatible for Editor in 4.54 ms, found 5 plugins.
Native extension for Android target not found
Native extension for WindowsStandalone target not found
Native extension for WebGL target not found
[Package Manager] Failed to launch server process. Reason: Unity was launched with the -noUpm command-line argument
[Package Manager] Unable to send message (not connected to server process).
[Package Manager] Cannot connect to Unity Package Manager local server
[Package Manager] Failed to launch server process. Reason: Unity was launched with the -noUpm command-line argument
[Package Manager] Unable to send message (not connected to server process).
[Package Manager] Cannot connect to Unity Package Manager local server
ScheduleIndexationOnStartup MainProcess:False IndexOnStartup:True
Mono: successfully reloaded assembly
- Finished resetting the current domain, in  1.754 seconds
Domain Reload Profiling: 4940ms
	BeginReloadAssembly (1421ms)
		DisableScriptedObjects (41ms)
		CreateAndSetChildDomain (928ms)
	RebuildCommonClasses (22ms)
	RebuildNativeTypeToScriptingClass (33ms)
	initialDomainReloadingComplete (155ms)
	LoadAllAssembliesAndSetupDomain (1552ms)
		LoadAssemblies (969ms)
		AnalyzeDomain (558ms)
			TypeCache.Refresh (18ms)
			BuildScriptInfoCaches (513ms)
			ResolveRequiredComponents (21ms)
	FinalizeReload (1756ms)
		SetupLoadedEditorAssemblies (0ms)
			InitializePlatformSupportModulesInManaged (26ms)
			BeforeProcessingInitializeOnLoad (222ms)
			ProcessInitializeOnLoadAttributes (644ms)
			ProcessInitializeOnLoadMethodAttributes (249ms)
			AfterProcessingInitializeOnLoad (20ms)
		AwakeInstancesAfterBackupRestoration (43ms)
Refreshing native plugins compatible for Editor in 5.36 ms, found 5 plugins.
Unloading 22 Unused Serialized files (Serialized files now loaded: 0)
Unloading 7369 unused Assets / (5.4 MB). Loaded Objects now: 8292.
Memory consumption went from 423.7 MB to 418.3 MB.
Total: 21.989400 ms (FindLiveObjects: 1.326400 ms CreateObjectMapping: 4.159400 ms MarkObjects: 9.948800 ms  DeleteObjects: 6.552600 ms)

Prepare: number of updated asset objects reloaded= 0
========================================================================
Received Prepare
AcceleratorClientConnectionCallback - disconnected - :0
Refreshing native plugins compatible for Editor in 4.90 ms, found 5 plugins.
Unloading 22 Unused Serialized files (Serialized files now loaded: 0)
Unloading 22 unused Assets / (2.6 MB). Loaded Objects now: 8292.
Memory consumption went from 420.3 MB to 417.7 MB.
Total: 11.569100 ms (FindLiveObjects: 0.588500 ms CreateObjectMapping: 1.370900 ms MarkObjects: 8.929800 ms  DeleteObjects: 0.677500 ms)

Prepare: number of updated asset objects reloaded= 0
